filename,emotion
18777.mp3,neutral
24041.mp3,neutral
1621.mp3,joy
28883.mp3,neutral
14918.mp3,neutral
25793.mp3,neutral
8382.mp3,joy
50666.wav,disgust
28471.mp3,surprise
1459.mp3,neutral
6829.mp3,joy
29833.mp3,neutral
26051.mp3,joy
11246.mp3,neutral
17472.mp3,sadness
24507.mp3,neutral
29879.mp3,sadness
22032.mp3,joy
38543.wav,fear
4894.mp3,neutral
10820.mp3,neutral
7129.mp3,anger
26236.mp3,joy
29512.mp3,sadness
6453.mp3,sadness
6425.mp3,neutral
16993.mp3,neutral
28476.mp3,neutral
22183.mp3,neutral
4317.mp3,surprise
26163.mp3,neutral
17146.mp3,neutral
48220.wav,disgust
50105.wav,fear
28537.mp3,surprise
7776.mp3,neutral
13136.mp3,anger
13292.mp3,joy
29650.mp3,neutral
17754.mp3,anger
28482.mp3,sadness
22458.mp3,neutral
15652.mp3,neutral
12946.mp3,neutral
2304.mp3,anger
5966.mp3,surprise
43708.wav,disgust
2762.mp3,surprise
25755.mp3,anger
26568.mp3,neutral
18495.mp3,surprise
22250.mp3,joy
10736.mp3,neutral
26505.mp3,anger
17144.mp3,neutral
15886.mp3,neutral
29136.mp3,joy
21462.mp3,joy
15897.mp3,neutral
7462.mp3,surprise
5103.mp3,anger
24499.mp3,fear
2862.mp3,surprise
28560.mp3,surprise
14784.mp3,neutral
24279.mp3,anger
22319.mp3,neutral
24794.mp3,joy
801.mp3,neutral
25581.mp3,sadness
15477.mp3,joy
47956.wav,fear
14922.mp3,surprise
1226.mp3,neutral
8009.mp3,neutral
22709.mp3,neutral
2050.mp3,joy
22337.mp3,anger
10781.mp3,neutral
22694.mp3,neutral
10841.mp3,anger
18484.mp3,neutral
28218.mp3,joy
24289.mp3,neutral
7233.mp3,joy
1629.mp3,joy
42468.wav,disgust
17665.mp3,neutral
24395.mp3,joy
228.mp3,joy
27463.mp3,joy
38901.wav,fear
8085.mp3,joy
18493.mp3,anger
40091.wav,disgust
28791.mp3,anger
2371.mp3,joy
27069.mp3,joy
8014.mp3,joy
21688.mp3,sadness
5504.mp3,neutral
11093.mp3,neutral
7329.mp3,neutral
6071.mp3,joy
24826.mp3,neutral
24871.mp3,neutral
22357.mp3,neutral
22880.mp3,neutral
5418.mp3,surprise
14704.mp3,joy
48999.wav,disgust
1802.mp3,anger
5657.mp3,joy
4108.mp3,surprise
29436.mp3,joy
7194.mp3,neutral
5934.mp3,neutral
11362.mp3,joy
28295.mp3,neutral
5393.mp3,neutral
15387.mp3,neutral
18397.mp3,neutral
13539.mp3,sadness
46987.wav,disgust
26338.mp3,neutral
15002.mp3,neutral
12483.mp3,joy
1171.mp3,anger
1861.mp3,neutral
23602.mp3,neutral
18126.mp3,anger
1146.mp3,neutral
16597.mp3,neutral
41070.wav,disgust
17802.mp3,neutral
16198.mp3,neutral
11979.mp3,neutral
15759.mp3,disgust
21979.mp3,sadness
6246.mp3,neutral
1107.mp3,neutral
47152.wav,disgust
4831.mp3,joy
3495.mp3,joy
5304.mp3,anger
47880.wav,disgust
4467.mp3,neutral
14445.mp3,neutral
3445.mp3,surprise
23659.mp3,neutral
26055.mp3,neutral
14929.mp3,neutral
22142.mp3,neutral
6174.mp3,neutral
27798.mp3,joy
29063.mp3,joy
14538.mp3,joy
51355.wav,fear
837.mp3,surprise
21850.mp3,neutral
4844.mp3,neutral
13467.mp3,neutral
5549.mp3,neutral
29688.mp3,neutral
16868.mp3,neutral
26148.mp3,neutral
5089.mp3,sadness
23485.mp3,joy
29600.mp3,neutral
14906.mp3,neutral
1860.mp3,neutral
43877.wav,disgust
22940.mp3,neutral
225.mp3,neutral
43875.wav,fear
13310.mp3,neutral
28283.mp3,joy
6170.mp3,neutral
15735.mp3,neutral
17256.mp3,neutral
43846.wav,fear
10945.mp3,neutral
22478.mp3,sadness
17198.mp3,anger
2484.mp3,sadness
7250.mp3,anger
5815.mp3,neutral
24254.mp3,surprise
28317.mp3,neutral
7309.mp3,neutral
28375.mp3,neutral
28876.mp3,anger
28509.mp3,neutral
48738.wav,fear
41155.wav,fear
14713.mp3,neutral
12918.mp3,anger
23814.mp3,neutral
6131.mp3,anger
5401.mp3,anger
29034.mp3,joy
16187.mp3,joy
28566.mp3,anger
17235.mp3,neutral
15335.mp3,neutral
2914.mp3,neutral
15055.mp3,neutral
25983.mp3,sadness
25678.mp3,neutral
21910.mp3,neutral
23123.mp3,joy
4924.mp3,neutral
6741.mp3,neutral
7971.mp3,neutral
10551.mp3,joy
5099.mp3,anger
26683.mp3,joy
45257.wav,disgust
17685.mp3,neutral
14821.mp3,neutral
17846.mp3,neutral
28654.mp3,sadness
8353.mp3,joy
17756.mp3,joy
11414.mp3,neutral
3093.mp3,anger
16839.mp3,surprise
11279.mp3,fear
51524.wav,disgust
22241.mp3,neutral
38624.wav,fear
29893.mp3,joy
26267.mp3,neutral
2246.mp3,joy
15660.mp3,neutral
4941.mp3,anger
22022.mp3,neutral
12581.mp3,neutral
11467.mp3,neutral
28094.mp3,neutral
13102.mp3,neutral
23138.mp3,joy
13042.mp3,sadness
12558.mp3,neutral
18130.mp3,neutral
5186.mp3,joy
4558.mp3,anger
24294.mp3,joy
4719.mp3,sadness
12851.mp3,joy
17199.mp3,neutral
21961.mp3,neutral
16441.mp3,joy
23198.mp3,neutral
11960.mp3,neutral
3488.mp3,joy
18294.mp3,neutral
12675.mp3,surprise
13391.mp3,neutral
12405.mp3,neutral
25547.mp3,surprise
17243.mp3,sadness
13056.mp3,neutral
2250.mp3,neutral
13166.mp3,surprise
4104.mp3,neutral
13365.mp3,neutral
805.mp3,anger
4394.mp3,surprise
28653.mp3,anger
28798.mp3,neutral
40284.wav,disgust
22124.mp3,anger
23232.mp3,joy
28016.mp3,joy
1584.mp3,surprise
23212.mp3,neutral
13126.mp3,joy
3208.mp3,neutral
23153.mp3,surprise
25625.mp3,neutral
16822.mp3,neutral
5237.mp3,joy
17156.mp3,anger
10499.mp3,joy
49875.wav,disgust
16071.mp3,neutral
15733.mp3,surprise
16167.mp3,neutral
23016.mp3,anger
18468.mp3,neutral
18216.mp3,surprise
29295.mp3,surprise
50614.wav,disgust
5752.mp3,neutral
1702.mp3,neutral
23619.mp3,surprise
5333.mp3,neutral
72.mp3,anger
17344.mp3,neutral
5414.mp3,anger
1626.mp3,sadness
26623.mp3,neutral
16323.mp3,neutral
22972.mp3,anger
44927.wav,disgust
5200.mp3,neutral
5143.mp3,surprise
22831.mp3,surprise
26754.mp3,surprise
21933.mp3,neutral
15788.mp3,neutral
48714.wav,disgust
13715.mp3,neutral
7131.mp3,neutral
12122.mp3,joy
10667.mp3,joy
11369.mp3,surprise
14701.mp3,joy
28556.mp3,anger
13237.mp3,joy
1147.mp3,anger
16278.mp3,anger
24312.mp3,surprise
18623.mp3,neutral
41464.wav,fear
51227.wav,fear
4839.mp3,joy
1166.mp3,neutral
6877.mp3,joy
12510.mp3,neutral
2021.mp3,joy
4358.mp3,anger
26817.mp3,surprise
29223.mp3,anger
1675.mp3,neutral
29200.mp3,joy
21435.mp3,surprise
11973.mp3,neutral
27362.mp3,joy
12413.mp3,neutral
29191.mp3,surprise
23904.mp3,anger
14724.mp3,neutral
47683.wav,fear
4304.mp3,neutral
11792.mp3,neutral
16576.mp3,anger
3186.mp3,anger
22152.mp3,neutral
26774.mp3,joy
8099.mp3,neutral
7822.mp3,neutral
28101.mp3,neutral
12696.mp3,neutral
43745.wav,fear
12105.mp3,neutral
18060.mp3,joy
26500.mp3,anger
22121.mp3,neutral
18021.mp3,neutral
10944.mp3,joy
15319.mp3,joy
14944.mp3,neutral
5423.mp3,neutral
45169.wav,fear
18794.mp3,joy
26369.mp3,neutral
11055.mp3,anger
27819.mp3,joy
24418.mp3,joy
1529.mp3,neutral
802.mp3,anger
5563.mp3,sadness
1285.mp3,neutral
6144.mp3,neutral
28689.mp3,neutral
12487.mp3,neutral
3463.mp3,neutral
16578.mp3,neutral
5606.mp3,joy
17375.mp3,joy
8406.mp3,neutral
524.mp3,joy
12952.mp3,neutral
5588.mp3,neutral
50518.wav,disgust
6759.mp3,anger
24464.mp3,neutral
2200.mp3,neutral
11223.mp3,neutral
40773.wav,fear
27569.mp3,neutral
1697.mp3,anger
5860.mp3,neutral
41426.wav,disgust
13595.mp3,joy
26440.mp3,neutral
4032.mp3,joy
10428.mp3,neutral
6677.mp3,neutral
23455.mp3,sadness
10965.mp3,neutral
6050.mp3,neutral
15521.mp3,neutral
27444.mp3,neutral
5777.mp3,joy
16590.mp3,neutral
22072.mp3,joy
16667.mp3,neutral
21551.mp3,anger
6855.mp3,joy
4074.mp3,neutral
11895.mp3,neutral
21524.mp3,joy
18629.mp3,anger
1092.mp3,neutral
2301.mp3,neutral
16876.mp3,neutral
17311.mp3,anger
12417.mp3,joy
17221.mp3,neutral
24251.mp3,joy
17237.mp3,neutral
13487.mp3,neutral
24249.mp3,surprise
759.mp3,neutral
24847.mp3,neutral
28313.mp3,surprise
17197.mp3,neutral
14837.mp3,neutral
26149.mp3,neutral
24544.mp3,neutral
1331.mp3,surprise
17474.mp3,joy
26616.mp3,joy
15676.mp3,neutral
11793.mp3,neutral
27168.mp3,neutral
18683.mp3,neutral
5292.mp3,joy
21440.mp3,surprise
15731.mp3,neutral
16155.mp3,neutral
8236.mp3,neutral
28774.mp3,surprise
13406.mp3,neutral
14689.mp3,joy
22740.mp3,neutral
1314.mp3,joy
17238.mp3,neutral
26813.mp3,joy
27407.mp3,neutral
28108.mp3,neutral
43211.wav,disgust
27995.mp3,neutral
14845.mp3,neutral
12562.mp3,neutral
641.mp3,sadness
4638.mp3,neutral
6120.mp3,neutral
38915.wav,fear
23555.mp3,neutral
2308.mp3,neutral
2682.mp3,joy
4535.mp3,neutral
14953.mp3,joy
13201.mp3,joy
25567.mp3,joy
17325.mp3,neutral
5191.mp3,neutral
51015.wav,disgust
39919.wav,disgust
13488.mp3,surprise
13297.mp3,neutral
15262.mp3,neutral
40201.wav,fear
46007.wav,fear
50197.wav,disgust
24638.mp3,sadness
18187.mp3,neutral
22459.mp3,surprise
13777.mp3,neutral
12605.mp3,neutral
2389.mp3,neutral
8019.mp3,neutral
5161.mp3,neutral
15768.mp3,neutral
27239.mp3,neutral
26125.mp3,neutral
26680.mp3,neutral
29495.mp3,neutral
18040.mp3,neutral
2708.mp3,neutral
24542.mp3,surprise
11071.mp3,joy
26065.mp3,surprise
17145.mp3,neutral
42162.wav,fear
3213.mp3,neutral
39144.wav,fear
23912.mp3,disgust
28212.mp3,neutral
27122.mp3,neutral
10797.mp3,joy
17420.mp3,anger
26182.mp3,surprise
48102.wav,disgust
528.mp3,neutral
23554.mp3,neutral
18106.mp3,neutral
21973.mp3,sadness
22325.mp3,neutral
5530.mp3,anger
26969.mp3,sadness
24701.mp3,surprise
44937.wav,fear
23801.mp3,joy
25738.mp3,neutral
24260.mp3,anger
17722.mp3,neutral
996.mp3,neutral
26630.mp3,neutral
1511.mp3,neutral
27603.mp3,joy
14935.mp3,joy
25854.mp3,neutral
5343.mp3,neutral
27674.mp3,neutral
1051.mp3,neutral
29743.mp3,joy
4554.mp3,surprise
22684.mp3,surprise
27952.mp3,joy
4299.mp3,surprise
7428.mp3,neutral
2839.mp3,neutral
17774.mp3,anger
16752.mp3,neutral
6304.mp3,neutral
6827.mp3,neutral
45507.wav,disgust
21597.mp3,neutral
11395.mp3,sadness
6480.mp3,surprise
10478.mp3,fear
22558.mp3,sadness
1181.mp3,neutral
27230.mp3,anger
13266.mp3,sadness
25905.mp3,sadness
11418.mp3,joy
6620.mp3,neutral
16241.mp3,joy
17166.mp3,joy
26082.mp3,joy
8173.mp3,neutral
14726.mp3,neutral
26390.mp3,neutral
25656.mp3,neutral
21664.mp3,neutral
15546.mp3,surprise
29434.mp3,neutral
12086.mp3,neutral
26293.mp3,neutral
5711.mp3,joy
16014.mp3,neutral
28691.mp3,neutral
27345.mp3,joy
25675.mp3,joy
1652.mp3,neutral
5287.mp3,neutral
26045.mp3,surprise
26143.mp3,neutral
22188.mp3,neutral
13119.mp3,sadness
12118.mp3,neutral
40075.wav,fear
18344.mp3,joy
50309.wav,fear
6944.mp3,surprise
24153.mp3,neutral
27694.mp3,neutral
17000.mp3,neutral
1541.mp3,neutral
18136.mp3,anger
15687.mp3,joy
22199.mp3,joy
23560.mp3,joy
4916.mp3,neutral
22011.mp3,neutral
28309.mp3,neutral
16360.mp3,neutral
15034.mp3,neutral
13218.mp3,joy
10384.mp3,neutral
6163.mp3,neutral
18659.mp3,neutral
10882.mp3,joy
11030.mp3,neutral
15574.mp3,anger
22170.mp3,joy
18782.mp3,neutral
6651.mp3,neutral
15112.mp3,joy
51805.wav,disgust
28385.mp3,neutral
14896.mp3,neutral
5445.mp3,joy
11235.mp3,fear
23080.mp3,neutral
43194.wav,disgust
4967.mp3,neutral
15903.mp3,anger
28005.mp3,surprise
1087.mp3,anger
27483.mp3,surprise
25989.mp3,neutral
39857.wav,fear
2545.mp3,joy
24614.mp3,surprise
26841.mp3,joy
23402.mp3,anger
7847.mp3,joy
108.mp3,anger
26675.mp3,neutral
27045.mp3,joy
28530.mp3,neutral
28021.mp3,surprise
6085.mp3,neutral
18474.mp3,surprise
27703.mp3,neutral
29855.mp3,surprise
27004.mp3,anger
1267.mp3,neutral
7370.mp3,fear
5025.mp3,neutral
39737.wav,disgust
1176.mp3,neutral
11995.mp3,joy
22326.mp3,neutral
25680.mp3,neutral
14323.mp3,neutral
3269.mp3,anger
29804.mp3,joy
29415.mp3,joy
29372.mp3,anger
11509.mp3,surprise
18526.mp3,neutral
24802.mp3,joy
587.mp3,joy
22575.mp3,anger
18142.mp3,joy
15282.mp3,anger
2177.mp3,joy
25812.mp3,neutral
8407.mp3,neutral
16233.mp3,surprise
18717.mp3,surprise
222.mp3,neutral
38994.wav,disgust
27904.mp3,sadness
16845.mp3,joy
24849.mp3,anger
12935.mp3,joy
6513.mp3,neutral
17308.mp3,surprise
23972.mp3,sadness
23594.mp3,neutral
15017.mp3,sadness
28340.mp3,neutral
13265.mp3,anger
18409.mp3,sadness
13015.mp3,surprise
5602.mp3,neutral
10366.mp3,neutral
13371.mp3,sadness
18532.mp3,neutral
2335.mp3,joy
3354.mp3,surprise
28402.mp3,neutral
13061.mp3,neutral
1191.mp3,joy
1561.mp3,neutral
2368.mp3,sadness
21605.mp3,joy
23071.mp3,neutral
29212.mp3,neutral
5011.mp3,neutral
6955.mp3,neutral
14611.mp3,joy
15694.mp3,joy
16062.mp3,neutral
44627.wav,disgust
5406.mp3,neutral
38825.wav,fear
18529.mp3,anger
15243.mp3,neutral
29068.mp3,joy
45192.wav,fear
6988.mp3,anger
2645.mp3,joy
12795.mp3,anger
15631.mp3,anger
1198.mp3,joy
10919.mp3,neutral
24469.mp3,anger
48236.wav,fear
4817.mp3,neutral
26919.mp3,joy
28670.mp3,neutral
18670.mp3,neutral
21407.mp3,neutral
16701.mp3,neutral
10749.mp3,neutral
13339.mp3,neutral
2235.mp3,neutral
27194.mp3,sadness
14861.mp3,neutral
2112.mp3,joy
16172.mp3,anger
18292.mp3,anger
28291.mp3,disgust
26734.mp3,neutral
2549.mp3,joy
17210.mp3,neutral
43507.wav,fear
29180.mp3,neutral
25493.mp3,neutral
18228.mp3,neutral
848.mp3,sadness
5687.mp3,joy
7208.mp3,neutral
45320.wav,fear
6438.mp3,surprise
16493.mp3,neutral
11622.mp3,surprise
25485.mp3,neutral
10803.mp3,joy
24624.mp3,surprise
26099.mp3,neutral
15411.mp3,neutral
24400.mp3,neutral
11860.mp3,neutral
8172.mp3,surprise
6110.mp3,sadness
12340.mp3,neutral
22343.mp3,joy
7886.mp3,joy
50450.wav,fear
1347.mp3,neutral
15568.mp3,neutral
27989.mp3,neutral
14831.mp3,anger
21700.mp3,surprise
29852.mp3,surprise
24143.mp3,neutral
8459.mp3,joy
708.mp3,anger
29551.mp3,neutral
5661.mp3,neutral
29353.mp3,neutral
25514.mp3,neutral
39995.wav,disgust
22835.mp3,neutral
4038.mp3,joy
7558.mp3,neutral
1197.mp3,joy
13187.mp3,neutral
13630.mp3,surprise
41946.wav,fear
27908.mp3,surprise
1090.mp3,neutral
21835.mp3,neutral
50466.wav,fear
16973.mp3,surprise
16539.mp3,joy
13499.mp3,neutral
15532.mp3,joy
15053.mp3,surprise
18071.mp3,surprise
28593.mp3,neutral
589.mp3,joy
7001.mp3,neutral
12563.mp3,anger
27786.mp3,anger
14734.mp3,surprise
23872.mp3,neutral
5678.mp3,neutral
1230.mp3,joy
14753.mp3,neutral
17788.mp3,neutral
29022.mp3,anger
15695.mp3,neutral
28686.mp3,joy
10956.mp3,joy
7689.mp3,neutral
23831.mp3,surprise
28280.mp3,joy
22329.mp3,neutral
21426.mp3,neutral
45627.wav,fear
17954.mp3,joy
6744.mp3,joy
15664.mp3,neutral
24417.mp3,neutral
16784.mp3,neutral
48299.wav,disgust
12655.mp3,neutral
5008.mp3,neutral
50500.wav,disgust
8492.mp3,joy
4581.mp3,neutral
13111.mp3,joy
21823.mp3,neutral
49753.wav,fear
4864.mp3,anger
22418.mp3,neutral
23630.mp3,surprise
15009.mp3,anger
29438.mp3,neutral
27490.mp3,surprise
27670.mp3,anger
24431.mp3,neutral
43537.wav,disgust
1742.mp3,joy
12443.mp3,neutral
18680.mp3,neutral
7947.mp3,joy
28923.mp3,joy
242.mp3,neutral
5118.mp3,joy
23747.mp3,neutral
7693.mp3,sadness
13675.mp3,surprise
17148.mp3,anger
26999.mp3,anger
21461.mp3,surprise
14329.mp3,neutral
500.mp3,neutral
2791.mp3,neutral
310.mp3,neutral
25946.mp3,neutral
29570.mp3,surprise
1381.mp3,neutral
28164.mp3,neutral
14996.mp3,neutral
26934.mp3,surprise
29245.mp3,joy
6059.mp3,neutral
24843.mp3,surprise
14368.mp3,surprise
25842.mp3,joy
12409.mp3,neutral
2316.mp3,neutral
25671.mp3,fear
28861.mp3,joy
18248.mp3,neutral
21414.mp3,surprise
5911.mp3,neutral
21469.mp3,neutral
24832.mp3,neutral
21419.mp3,neutral
16400.mp3,surprise
29721.mp3,sadness
3068.mp3,neutral
22651.mp3,neutral
22819.mp3,surprise
829.mp3,sadness
556.mp3,joy
12509.mp3,surprise
6968.mp3,neutral
27237.mp3,neutral
23676.mp3,neutral
23170.mp3,neutral
39195.wav,fear
11202.mp3,joy
28434.mp3,surprise
45318.wav,disgust
25802.mp3,surprise
28383.mp3,surprise
29768.mp3,neutral
24869.mp3,sadness
7515.mp3,neutral
7214.mp3,neutral
18433.mp3,neutral
45778.wav,fear
26186.mp3,neutral
18061.mp3,surprise
17023.mp3,neutral
230.mp3,neutral
14678.mp3,neutral
8371.mp3,surprise
2534.mp3,neutral
28745.mp3,neutral
24228.mp3,neutral
24532.mp3,joy
41384.wav,fear
11385.mp3,neutral
40173.wav,disgust
2099.mp3,neutral
2415.mp3,joy
17650.mp3,surprise
11304.mp3,sadness
45369.wav,fear
16488.mp3,neutral
5350.mp3,anger
10763.mp3,anger
13205.mp3,joy
6775.mp3,joy
4856.mp3,surprise
18023.mp3,neutral
23251.mp3,surprise
24866.mp3,sadness
22688.mp3,joy
17886.mp3,joy
17644.mp3,neutral
14943.mp3,surprise
4794.mp3,neutral
15428.mp3,anger
10431.mp3,surprise
18679.mp3,surprise
46301.wav,fear
10709.mp3,anger
22411.mp3,anger
22365.mp3,joy
11722.mp3,neutral
18604.mp3,neutral
10579.mp3,sadness
22681.mp3,surprise
5927.mp3,surprise
15064.mp3,neutral
10658.mp3,neutral
23190.mp3,neutral
4666.mp3,joy
16391.mp3,surprise
16112.mp3,neutral
15232.mp3,neutral
39093.wav,disgust
3274.mp3,surprise
17859.mp3,anger
10880.mp3,sadness
14350.mp3,neutral
13279.mp3,joy
21895.mp3,neutral
29323.mp3,joy
27554.mp3,joy
28010.mp3,surprise
18286.mp3,neutral
4551.mp3,neutral
3305.mp3,neutral
15673.mp3,anger
11405.mp3,neutral
1211.mp3,neutral
14916.mp3,anger
8405.mp3,neutral
14412.mp3,neutral
29302.mp3,anger
15023.mp3,neutral
27501.mp3,anger
6707.mp3,anger
39706.wav,disgust
4567.mp3,neutral
28416.mp3,sadness
13192.mp3,neutral
23404.mp3,neutral
1177.mp3,anger
22592.mp3,joy
5511.mp3,neutral
15758.mp3,joy
17579.mp3,joy
13117.mp3,joy
51062.wav,fear
11112.mp3,sadness
22120.mp3,neutral
10318.mp3,neutral
8113.mp3,anger
10329.mp3,neutral
10829.mp3,anger
43198.wav,fear
45522.wav,disgust
28839.mp3,joy
4847.mp3,joy
27308.mp3,neutral
1451.mp3,anger
5219.mp3,neutral
33.mp3,joy
15283.mp3,neutral
893.mp3,sadness
7722.mp3,neutral
18761.mp3,neutral
7540.mp3,neutral
22621.mp3,neutral
10332.mp3,neutral
23148.mp3,anger
3084.mp3,neutral
5320.mp3,neutral
3155.mp3,joy
12553.mp3,neutral
18605.mp3,joy
11931.mp3,neutral
18660.mp3,neutral
25780.mp3,neutral
24280.mp3,anger
45205.wav,fear
29259.mp3,neutral
68.mp3,joy
7568.mp3,joy
7260.mp3,neutral
1048.mp3,anger
22450.mp3,neutral
4897.mp3,surprise
12484.mp3,joy
46515.wav,disgust
11933.mp3,anger
18304.mp3,neutral
23830.mp3,neutral
11002.mp3,joy
27538.mp3,surprise
26964.mp3,surprise
18168.mp3,joy
28489.mp3,joy
13035.mp3,sadness
47088.wav,fear
28011.mp3,surprise
45600.wav,disgust
12853.mp3,surprise
5225.mp3,fear
28931.mp3,neutral
27074.mp3,neutral
15838.mp3,neutral
10486.mp3,neutral
12579.mp3,neutral
4127.mp3,neutral
25686.mp3,neutral
18432.mp3,anger
5416.mp3,neutral
50573.wav,fear
6749.mp3,anger
26982.mp3,anger
1007.mp3,neutral
1644.mp3,surprise
47442.wav,fear
22042.mp3,joy
15615.mp3,neutral
18677.mp3,anger
25903.mp3,neutral
1323.mp3,anger
2596.mp3,joy
15483.mp3,neutral
23715.mp3,neutral
10901.mp3,joy
28477.mp3,anger
47297.wav,disgust
23507.mp3,joy
12631.mp3,joy
598.mp3,joy
23568.mp3,joy
7719.mp3,surprise
5348.mp3,neutral
26864.mp3,neutral
28238.mp3,neutral
22608.mp3,anger
11928.mp3,neutral
10303.mp3,neutral
50219.wav,disgust
13593.mp3,neutral
13457.mp3,neutral
27077.mp3,joy
42624.wav,fear
5452.mp3,neutral
12532.mp3,neutral
2686.mp3,anger
7115.mp3,joy
12463.mp3,neutral
8050.mp3,neutral
26566.mp3,neutral
23897.mp3,neutral
43051.wav,disgust
10344.mp3,joy
27285.mp3,surprise
29766.mp3,joy
15567.mp3,neutral
18615.mp3,anger
18632.mp3,joy
22732.mp3,neutral
27392.mp3,joy
12388.mp3,neutral
3419.mp3,neutral
15794.mp3,joy
48.mp3,neutral
4795.mp3,neutral
16658.mp3,neutral
15497.mp3,surprise
14607.mp3,anger
8203.mp3,surprise
18291.mp3,sadness
1043.mp3,surprise
2018.mp3,anger
1475.mp3,joy
16165.mp3,surprise
8317.mp3,anger
27051.mp3,joy
43033.wav,fear
842.mp3,neutral
4091.mp3,neutral
21996.mp3,neutral
18514.mp3,neutral
10872.mp3,anger
1159.mp3,neutral
15895.mp3,fear
4078.mp3,neutral
3441.mp3,neutral
12724.mp3,anger
45110.wav,disgust
17615.mp3,surprise
912.mp3,neutral
2434.mp3,joy
11536.mp3,sadness
17705.mp3,joy
42927.wav,fear
17785.mp3,surprise
52139.wav,fear
5625.mp3,anger
1497.mp3,neutral
11569.mp3,anger
43557.wav,fear
26878.mp3,anger
8450.mp3,neutral
41567.wav,disgust
12064.mp3,surprise
7880.mp3,neutral
26641.mp3,neutral
25652.mp3,anger
17117.mp3,neutral
14457.mp3,neutral
5579.mp3,anger
24364.mp3,neutral
5614.mp3,joy
16656.mp3,neutral
8073.mp3,joy
10734.mp3,neutral
29067.mp3,joy
1760.mp3,surprise
28644.mp3,anger
2478.mp3,anger
29701.mp3,neutral
11675.mp3,neutral
4088.mp3,joy
11367.mp3,anger
18760.mp3,neutral
28382.mp3,neutral
785.mp3,neutral
46678.wav,fear
5769.mp3,neutral
12071.mp3,surprise
15860.mp3,anger
11155.mp3,joy
12824.mp3,neutral
26834.mp3,neutral
12569.mp3,neutral
26820.mp3,neutral
5931.mp3,neutral
18258.mp3,neutral
28790.mp3,anger
11934.mp3,neutral
21420.mp3,neutral
5963.mp3,joy
21477.mp3,sadness
25660.mp3,anger
15085.mp3,sadness
28210.mp3,anger
42831.wav,fear
47514.wav,fear
21697.mp3,neutral
42718.wav,disgust
15347.mp3,neutral
12040.mp3,neutral
7293.mp3,neutral
8475.mp3,joy
15991.mp3,neutral
7324.mp3,joy
7617.mp3,joy
1651.mp3,neutral
22782.mp3,neutral
51068.wav,disgust
422.mp3,fear
17190.mp3,joy
28048.mp3,anger
5612.mp3,joy
6902.mp3,anger
43079.wav,fear
4193.mp3,sadness
28629.mp3,neutral
8186.mp3,neutral
2590.mp3,disgust
7509.mp3,neutral
1296.mp3,neutral
12459.mp3,surprise
4199.mp3,neutral
27600.mp3,neutral
21892.mp3,neutral
6577.mp3,neutral
12585.mp3,neutral
16468.mp3,neutral
28701.mp3,neutral
23586.mp3,anger
16613.mp3,joy
3004.mp3,anger
588.mp3,anger
18203.mp3,neutral
22647.mp3,neutral
17399.mp3,sadness
22950.mp3,joy
27389.mp3,sadness
17060.mp3,anger
23582.mp3,surprise
6502.mp3,sadness
27876.mp3,neutral
29407.mp3,neutral
4706.mp3,neutral
27877.mp3,neutral
18614.mp3,sadness
41427.wav,disgust
29292.mp3,neutral
944.mp3,neutral
7547.mp3,neutral
781.mp3,neutral
28989.mp3,sadness
13182.mp3,neutral
41772.wav,disgust
2220.mp3,neutral
43126.wav,fear
15878.mp3,neutral
847.mp3,neutral
15762.mp3,joy
2119.mp3,joy
24861.mp3,sadness
51175.wav,fear
26283.mp3,neutral
10471.mp3,surprise
23861.mp3,joy
21830.mp3,neutral
23438.mp3,neutral
24790.mp3,surprise
15474.mp3,neutral
27226.mp3,neutral
6399.mp3,neutral
3145.mp3,joy
4912.mp3,sadness
15692.mp3,neutral
39922.wav,fear
43851.wav,disgust
7219.mp3,neutral
23977.mp3,surprise
553.mp3,neutral
7297.mp3,neutral
17826.mp3,sadness
15678.mp3,joy
27729.mp3,anger
39162.wav,fear
15035.mp3,joy
22828.mp3,anger
5470.mp3,neutral
4536.mp3,neutral
27435.mp3,anger
8312.mp3,sadness
13290.mp3,anger
51701.wav,disgust
12597.mp3,neutral
988.mp3,neutral
15932.mp3,joy
16343.mp3,sadness
11898.mp3,neutral
16306.mp3,sadness
7102.mp3,neutral
18201.mp3,surprise
17387.mp3,joy
23206.mp3,neutral
21649.mp3,joy
27138.mp3,joy
10315.mp3,sadness
51608.wav,fear
3024.mp3,neutral
44829.wav,disgust
7215.mp3,joy
23430.mp3,neutral
21833.mp3,surprise
6176.mp3,anger
25668.mp3,neutral
16986.mp3,anger
2566.mp3,joy
28516.mp3,sadness
6327.mp3,neutral
5171.mp3,surprise
5201.mp3,neutral
17252.mp3,joy
12503.mp3,anger
567.mp3,anger
11038.mp3,neutral
7357.mp3,neutral
23915.mp3,neutral
14676.mp3,disgust
5055.mp3,neutral
643.mp3,sadness
26932.mp3,neutral
26461.mp3,sadness
4438.mp3,neutral
10621.mp3,neutral
246.mp3,surprise
6443.mp3,neutral
2083.mp3,neutral
29625.mp3,anger
6065.mp3,neutral
8281.mp3,neutral
2809.mp3,joy
1591.mp3,sadness
27868.mp3,surprise
12158.mp3,anger
12148.mp3,joy
22082.mp3,neutral
49646.wav,fear
21733.mp3,joy
2792.mp3,neutral
27975.mp3,neutral
6674.mp3,surprise
4540.mp3,surprise
49799.wav,fear
4303.mp3,anger
26376.mp3,anger
2588.mp3,surprise
21779.mp3,joy
608.mp3,surprise
25526.mp3,sadness
6950.mp3,neutral
39448.wav,disgust
7608.mp3,neutral
22148.mp3,surprise
167.mp3,joy
22420.mp3,surprise
15663.mp3,neutral
11806.mp3,neutral
15074.mp3,surprise
23087.mp3,surprise
23927.mp3,neutral
16924.mp3,joy
1794.mp3,anger
25803.mp3,joy
16647.mp3,neutral
7406.mp3,neutral
27546.mp3,anger
23072.mp3,neutral
6359.mp3,joy
6819.mp3,neutral
2252.mp3,neutral
26118.mp3,sadness
22080.mp3,joy
45127.wav,fear
26524.mp3,neutral
10903.mp3,joy
25554.mp3,sadness
2064.mp3,joy
27192.mp3,joy
49670.wav,fear
2436.mp3,joy
3491.mp3,neutral
17574.mp3,neutral
24592.mp3,neutral
14361.mp3,neutral
14335.mp3,neutral
46322.wav,disgust
6613.mp3,surprise
47153.wav,disgust
7933.mp3,neutral
11005.mp3,neutral
5137.mp3,surprise
28308.mp3,neutral
24523.mp3,anger
1172.mp3,joy
15697.mp3,neutral
28799.mp3,neutral
8408.mp3,neutral
28258.mp3,joy
27983.mp3,neutral
39976.wav,disgust
7438.mp3,joy
732.mp3,neutral
24388.mp3,joy
4185.mp3,neutral
7564.mp3,joy
29596.mp3,neutral
45162.wav,fear
13612.mp3,neutral
58.mp3,neutral
16225.mp3,surprise
12898.mp3,surprise
5821.mp3,sadness
23941.mp3,neutral
40338.wav,fear
29740.mp3,surprise
23063.mp3,surprise
18320.mp3,joy
17918.mp3,joy
24589.mp3,neutral
43833.wav,fear
44004.wav,disgust
29204.mp3,joy
24656.mp3,neutral
22085.mp3,surprise
11693.mp3,neutral
39112.wav,fear
23648.mp3,neutral
13262.mp3,neutral
21829.mp3,surprise
8217.mp3,joy
16373.mp3,neutral
12847.mp3,neutral
4125.mp3,sadness
7685.mp3,neutral
11033.mp3,surprise
4964.mp3,neutral
25965.mp3,neutral
12030.mp3,joy
5308.mp3,disgust
8027.mp3,joy
245.mp3,joy
6754.mp3,neutral
28668.mp3,neutral
28901.mp3,neutral
23508.mp3,neutral
7435.mp3,neutral
17497.mp3,neutral
2503.mp3,sadness
14353.mp3,neutral
22249.mp3,sadness
1513.mp3,surprise
40642.wav,disgust
12411.mp3,sadness
8421.mp3,neutral
27033.mp3,anger
12844.mp3,neutral
25984.mp3,surprise
4446.mp3,joy
15412.mp3,joy
23670.mp3,surprise
15881.mp3,sadness
28252.mp3,sadness
16567.mp3,joy
26515.mp3,neutral
2033.mp3,joy
5236.mp3,surprise
45793.wav,fear
1636.mp3,neutral
1306.mp3,sadness
2319.mp3,sadness
6816.mp3,neutral
3385.mp3,neutral
24573.mp3,neutral
46799.wav,disgust
28106.mp3,neutral
7649.mp3,neutral
16623.mp3,surprise
27318.mp3,surprise
44614.wav,disgust
5132.mp3,joy
6751.mp3,neutral
13303.mp3,sadness
12493.mp3,joy
28208.mp3,neutral
6149.mp3,neutral
15971.mp3,surprise
22372.mp3,fear
22977.mp3,neutral
29758.mp3,neutral
17635.mp3,neutral
24892.mp3,joy
21577.mp3,neutral
23788.mp3,sadness
26081.mp3,joy
10574.mp3,neutral
27351.mp3,neutral
41255.wav,disgust
24448.mp3,surprise
13478.mp3,neutral
26664.mp3,neutral
25969.mp3,neutral
15334.mp3,surprise
7393.mp3,neutral
22186.mp3,joy
38749.wav,disgust
27649.mp3,joy
6001.mp3,anger
3089.mp3,surprise
1097.mp3,neutral
17345.mp3,neutral
3410.mp3,neutral
23847.mp3,anger
17824.mp3,neutral
26871.mp3,neutral
50468.wav,disgust
2900.mp3,neutral
29734.mp3,neutral
21643.mp3,neutral
997.mp3,neutral
24334.mp3,sadness
10345.mp3,surprise
5772.mp3,surprise
22771.mp3,neutral
27800.mp3,joy
18283.mp3,sadness
23761.mp3,anger
4444.mp3,joy
7054.mp3,sadness
4315.mp3,neutral
44198.wav,disgust
1816.mp3,neutral
17959.mp3,neutral
2893.mp3,joy
5265.mp3,neutral
1240.mp3,sadness
254.mp3,joy
40733.wav,fear
5385.mp3,surprise
6732.mp3,joy
8057.mp3,sadness
11442.mp3,anger
2428.mp3,anger
40328.wav,disgust
16992.mp3,anger
162.mp3,anger
13479.mp3,neutral
1576.mp3,neutral
26327.mp3,neutral
17619.mp3,joy
6152.mp3,surprise
23247.mp3,disgust
29887.mp3,joy
15924.mp3,neutral
4977.mp3,anger
17663.mp3,joy
6088.mp3,neutral
7811.mp3,neutral
28527.mp3,joy
8053.mp3,sadness
26103.mp3,neutral
16666.mp3,surprise
2631.mp3,sadness
45690.wav,fear
11067.mp3,neutral
13175.mp3,surprise
10538.mp3,neutral
22867.mp3,sadness
29549.mp3,neutral
21843.mp3,surprise
13196.mp3,joy
10560.mp3,neutral
17030.mp3,neutral
18274.mp3,neutral
18092.mp3,surprise
22190.mp3,neutral
43144.wav,fear
10694.mp3,anger
17654.mp3,neutral
25506.mp3,neutral
3479.mp3,joy
396.mp3,surprise
23162.mp3,surprise
23245.mp3,neutral
23449.mp3,neutral
17358.mp3,neutral
16551.mp3,neutral
6802.mp3,surprise
6374.mp3,neutral
5210.mp3,surprise
8054.mp3,surprise
7930.mp3,joy
11098.mp3,surprise
2604.mp3,anger
12525.mp3,surprise
1801.mp3,joy
8490.mp3,joy
8403.mp3,surprise
11439.mp3,surprise
5958.mp3,joy
27946.mp3,neutral
10954.mp3,surprise
8327.mp3,neutral
23709.mp3,joy
27769.mp3,neutral
18197.mp3,sadness
6931.mp3,neutral
14975.mp3,neutral
13434.mp3,joy
28503.mp3,joy
44440.wav,disgust
13670.mp3,neutral
41217.wav,fear
3037.mp3,sadness
4779.mp3,neutral
26322.mp3,neutral
14743.mp3,sadness
28847.mp3,surprise
25469.mp3,joy
11659.mp3,anger
12811.mp3,joy
6537.mp3,joy
7753.mp3,joy
4046.mp3,anger
975.mp3,surprise
2745.mp3,sadness
10404.mp3,neutral
13114.mp3,neutral
5552.mp3,neutral
22146.mp3,neutral
594.mp3,joy
11630.mp3,disgust
48036.wav,fear
18401.mp3,neutral
2941.mp3,neutral
17232.mp3,surprise
11309.mp3,neutral
45034.wav,disgust
46700.wav,disgust
43511.wav,disgust
25873.mp3,neutral
8350.mp3,neutral
17154.mp3,neutral
22807.mp3,neutral
29377.mp3,joy
10717.mp3,neutral
3051.mp3,joy
5857.mp3,surprise
25583.mp3,joy
2526.mp3,neutral
27256.mp3,neutral
29874.mp3,joy
13416.mp3,anger
18284.mp3,sadness
45269.wav,fear
7083.mp3,joy
10805.mp3,neutral
39678.wav,fear
29041.mp3,sadness
18387.mp3,neutral
27741.mp3,joy
2065.mp3,sadness
10563.mp3,neutral
15812.mp3,joy
13495.mp3,neutral
15026.mp3,neutral
26857.mp3,joy
7427.mp3,neutral
11285.mp3,neutral
6408.mp3,joy
290.mp3,joy
22300.mp3,neutral
7496.mp3,neutral
14532.mp3,neutral
12439.mp3,neutral
16726.mp3,sadness
12370.mp3,neutral
25406.mp3,anger
26819.mp3,neutral
22240.mp3,surprise
6981.mp3,neutral
43380.wav,disgust
4432.mp3,fear
47054.wav,disgust
12003.mp3,sadness
7069.mp3,sadness
50280.wav,disgust
27916.mp3,neutral
23546.mp3,joy
46898.wav,fear
16978.mp3,anger
2180.mp3,sadness
18389.mp3,neutral
5676.mp3,neutral
24552.mp3,neutral
23770.mp3,neutral
21549.mp3,surprise
23226.mp3,sadness
40181.wav,fear
29605.mp3,joy
24059.mp3,surprise
15843.mp3,surprise
23493.mp3,anger
6351.mp3,sadness
13707.mp3,neutral
476.mp3,neutral
29179.mp3,joy
28260.mp3,surprise
24174.mp3,surprise
29314.mp3,neutral
2019.mp3,joy
22705.mp3,neutral
28319.mp3,neutral
18585.mp3,neutral
765.mp3,sadness
1014.mp3,fear
29837.mp3,neutral
5568.mp3,sadness
5799.mp3,anger
27711.mp3,sadness
24612.mp3,joy
136.mp3,neutral
15307.mp3,neutral
17637.mp3,joy
6376.mp3,anger
39786.wav,fear
42273.wav,fear
48437.wav,fear
26966.mp3,sadness
7386.mp3,sadness
29244.mp3,anger
7967.mp3,neutral
810.mp3,anger
10553.mp3,joy
11274.mp3,neutral
26288.mp3,neutral
2056.mp3,surprise
17618.mp3,neutral
586.mp3,neutral
16909.mp3,neutral
17159.mp3,neutral
24765.mp3,neutral
11734.mp3,neutral
23126.mp3,neutral
39784.wav,fear
26788.mp3,joy
21465.mp3,neutral
14958.mp3,surprise
24276.mp3,neutral
1.mp3,neutral
16024.mp3,neutral
14641.mp3,neutral
4887.mp3,anger
16693.mp3,neutral
1581.mp3,surprise
16626.mp3,neutral
28263.mp3,joy
27092.mp3,surprise
11420.mp3,anger
43247.wav,disgust
15202.mp3,neutral
28914.mp3,neutral
27645.mp3,joy
25833.mp3,neutral
23638.mp3,neutral
22569.mp3,surprise
8160.mp3,joy
42052.wav,disgust
47511.wav,fear
3172.mp3,neutral
2514.mp3,neutral
27067.mp3,neutral
24081.mp3,neutral
26775.mp3,joy
18009.mp3,neutral
12108.mp3,anger
41014.wav,disgust
41485.wav,fear
7538.mp3,neutral
16514.mp3,neutral
5749.mp3,joy
13773.mp3,joy
5338.mp3,neutral
6316.mp3,joy
5991.mp3,neutral
17818.mp3,neutral
44578.wav,disgust
27901.mp3,fear
18523.mp3,neutral
16.mp3,surprise
3388.mp3,neutral
24707.mp3,anger
10634.mp3,anger
4778.mp3,neutral
647.mp3,neutral
23606.mp3,neutral
15941.mp3,neutral
24536.mp3,surprise
18318.mp3,anger
8049.mp3,neutral
6226.mp3,neutral
26856.mp3,neutral
29209.mp3,neutral
28779.mp3,joy
3429.mp3,neutral
29164.mp3,neutral
17157.mp3,neutral
5119.mp3,joy
4395.mp3,neutral
24549.mp3,anger
26865.mp3,neutral
25590.mp3,neutral
29203.mp3,neutral
2917.mp3,neutral
43145.wav,disgust
12110.mp3,neutral
22745.mp3,sadness
198.mp3,neutral
29166.mp3,neutral
29001.mp3,joy
48217.wav,disgust
16154.mp3,surprise
15732.mp3,surprise
10607.mp3,surprise
27197.mp3,neutral
24696.mp3,neutral
16008.mp3,neutral
51295.wav,fear
4409.mp3,neutral
7757.mp3,surprise
18466.mp3,surprise
16663.mp3,neutral
8296.mp3,surprise
4695.mp3,surprise
11106.mp3,anger
8446.mp3,neutral
27393.mp3,surprise
23696.mp3,neutral
23908.mp3,surprise
8374.mp3,surprise
18370.mp3,neutral
22321.mp3,neutral
46691.wav,fear
17734.mp3,neutral
16302.mp3,neutral
24178.mp3,anger
44882.wav,disgust
12555.mp3,neutral
11474.mp3,joy
27158.mp3,surprise
7648.mp3,neutral
6685.mp3,anger
15401.mp3,neutral
22114.mp3,neutral
27106.mp3,anger
15436.mp3,neutral
10517.mp3,joy
1202.mp3,sadness
42075.wav,fear
1219.mp3,neutral
17952.mp3,neutral
12695.mp3,neutral
16046.mp3,surprise
2041.mp3,surprise
16970.mp3,joy
16017.mp3,joy
24519.mp3,neutral
5481.mp3,surprise
2196.mp3,neutral
23068.mp3,neutral
15392.mp3,anger
46015.wav,disgust
4809.mp3,neutral
7314.mp3,neutral
41571.wav,disgust
10831.mp3,anger
11357.mp3,neutral
8355.mp3,neutral
5209.mp3,surprise
11089.mp3,neutral
28112.mp3,neutral
3019.mp3,neutral
651.mp3,neutral
27523.mp3,joy
4100.mp3,surprise
10506.mp3,neutral
7949.mp3,neutral
12794.mp3,joy
21800.mp3,anger
13533.mp3,fear
11571.mp3,anger
2803.mp3,surprise
7918.mp3,surprise
27701.mp3,neutral
29111.mp3,neutral
2890.mp3,surprise
22556.mp3,joy
17652.mp3,neutral
1824.mp3,neutral
18330.mp3,neutral
18045.mp3,neutral
23523.mp3,neutral
15478.mp3,neutral
1070.mp3,surprise
2243.mp3,joy
16897.mp3,anger
16265.mp3,neutral
10785.mp3,neutral
24769.mp3,neutral
27102.mp3,neutral
7539.mp3,neutral
22327.mp3,neutral
16327.mp3,joy
7638.mp3,neutral
2314.mp3,neutral
382.mp3,anger
28539.mp3,neutral
25531.mp3,anger
48622.wav,disgust
17135.mp3,anger
1625.mp3,neutral
27493.mp3,neutral
23573.mp3,sadness
13267.mp3,neutral
26685.mp3,joy
26510.mp3,neutral
6984.mp3,neutral
27692.mp3,sadness
15032.mp3,neutral
26193.mp3,joy
22380.mp3,neutral
1196.mp3,neutral
10814.mp3,surprise
4498.mp3,neutral
24772.mp3,neutral
29811.mp3,surprise
15089.mp3,neutral
15746.mp3,neutral
5098.mp3,neutral
23955.mp3,neutral
23694.mp3,neutral
28710.mp3,surprise
7333.mp3,surprise
25911.mp3,neutral
22074.mp3,neutral
13204.mp3,neutral
50688.wav,fear
14789.mp3,neutral
26906.mp3,anger
15083.mp3,neutral
23041.mp3,neutral
23038.mp3,surprise
28031.mp3,joy
7005.mp3,joy
24875.mp3,joy
24634.mp3,neutral
2616.mp3,anger
10426.mp3,surprise
25529.mp3,anger
27013.mp3,neutral
311.mp3,neutral
4632.mp3,neutral
22143.mp3,neutral
25768.mp3,joy
18098.mp3,surprise
16945.mp3,anger
47450.wav,disgust
11076.mp3,surprise
16275.mp3,surprise
5953.mp3,neutral
18366.mp3,joy
23004.mp3,joy
14948.mp3,joy
17566.mp3,neutral
11805.mp3,neutral
3446.mp3,neutral
8029.mp3,joy
29173.mp3,joy
29616.mp3,neutral
1555.mp3,neutral
2142.mp3,neutral
27261.mp3,neutral
22007.mp3,neutral
47812.wav,fear
48779.wav,disgust
18369.mp3,neutral
16926.mp3,neutral
1233.mp3,neutral
8396.mp3,joy
13231.mp3,sadness
17104.mp3,anger
25404.mp3,anger
16874.mp3,neutral
1767.mp3,surprise
22060.mp3,joy
24394.mp3,joy
40760.wav,disgust
24425.mp3,neutral
22436.mp3,neutral
24160.mp3,joy
5871.mp3,fear
15247.mp3,joy
15661.mp3,neutral
17360.mp3,neutral
24113.mp3,neutral
27851.mp3,joy
23820.mp3,anger
28278.mp3,joy
856.mp3,neutral
1853.mp3,neutral
2673.mp3,neutral
2450.mp3,neutral
1034.mp3,surprise
16283.mp3,sadness
26317.mp3,neutral
28426.mp3,neutral
51230.wav,disgust
46451.wav,fear
28957.mp3,joy
7149.mp3,neutral
11211.mp3,neutral
47384.wav,disgust
28177.mp3,joy
12753.mp3,neutral
46437.wav,disgust
16235.mp3,neutral
5081.mp3,sadness
5971.mp3,neutral
5503.mp3,neutral
23146.mp3,neutral
11738.mp3,joy
8156.mp3,surprise
22440.mp3,surprise
190.mp3,joy
17784.mp3,anger
15332.mp3,neutral
29746.mp3,neutral
14806.mp3,surprise
24605.mp3,neutral
27992.mp3,neutral
2469.mp3,neutral
47066.wav,disgust
25788.mp3,neutral
852.mp3,neutral
38602.wav,fear
1681.mp3,neutral
7492.mp3,anger
39884.wav,disgust
28794.mp3,neutral
12966.mp3,joy
7833.mp3,neutral
13263.mp3,neutral
21538.mp3,neutral
24726.mp3,joy
14628.mp3,neutral
13242.mp3,joy
17961.mp3,joy
23991.mp3,neutral
22116.mp3,sadness
17295.mp3,neutral
22500.mp3,neutral
24716.mp3,anger
44112.wav,fear
12758.mp3,anger
25586.mp3,neutral
18770.mp3,anger
17703.mp3,neutral
941.mp3,anger
4320.mp3,neutral
11035.mp3,neutral
2242.mp3,surprise
45636.wav,fear
1252.mp3,neutral
4103.mp3,neutral
18497.mp3,neutral
49336.wav,disgust
12949.mp3,anger
22018.mp3,surprise
13448.mp3,neutral
10793.mp3,neutral
11354.mp3,neutral
12544.mp3,joy
23460.mp3,neutral
2477.mp3,anger
24699.mp3,surprise
15960.mp3,neutral
24154.mp3,neutral
23437.mp3,neutral
28956.mp3,neutral
2716.mp3,neutral
23537.mp3,neutral
159.mp3,neutral
16358.mp3,neutral
16568.mp3,neutral
24449.mp3,joy
27820.mp3,anger
17869.mp3,anger
27822.mp3,joy
8117.mp3,anger
44248.wav,disgust
26304.mp3,neutral
17058.mp3,surprise
145.mp3,anger
7872.mp3,anger
10728.mp3,sadness
12375.mp3,neutral
12358.mp3,surprise
13163.mp3,neutral
29689.mp3,neutral
5508.mp3,neutral
5139.mp3,neutral
8209.mp3,neutral
8325.mp3,neutral
2763.mp3,neutral
6874.mp3,neutral
348.mp3,neutral
25647.mp3,neutral
16067.mp3,neutral
15873.mp3,sadness
13093.mp3,neutral
2473.mp3,neutral
50489.wav,disgust
28663.mp3,neutral
22025.mp3,neutral
10461.mp3,anger
17740.mp3,neutral
4818.mp3,neutral
25845.mp3,neutral
25756.mp3,anger
27206.mp3,anger
50117.wav,fear
21686.mp3,joy
6025.mp3,joy
6927.mp3,surprise
4879.mp3,neutral
4692.mp3,surprise
16162.mp3,neutral
22484.mp3,surprise
43.mp3,surprise
22872.mp3,joy
3329.mp3,anger
18638.mp3,surprise
11162.mp3,joy
6182.mp3,neutral
23013.mp3,anger
24647.mp3,surprise
18435.mp3,joy
14589.mp3,neutral
826.mp3,anger
11044.mp3,surprise
26413.mp3,sadness
42697.wav,fear
50239.wav,fear
17003.mp3,anger
7036.mp3,anger
26358.mp3,neutral
5254.mp3,joy
39328.wav,fear
10398.mp3,neutral
29037.mp3,joy
15644.mp3,sadness
16232.mp3,surprise
12997.mp3,neutral
12874.mp3,neutral
21411.mp3,neutral
26901.mp3,anger
14544.mp3,neutral
49019.wav,disgust
2642.mp3,surprise
40546.wav,disgust
26049.mp3,neutral
21713.mp3,fear
29317.mp3,neutral
18118.mp3,joy
21890.mp3,joy
26089.mp3,joy
4177.mp3,neutral
24635.mp3,sadness
875.mp3,anger
29703.mp3,neutral
11218.mp3,neutral
80.mp3,anger
5982.mp3,neutral
1138.mp3,neutral
14834.mp3,anger
25773.mp3,joy
25744.mp3,joy
5969.mp3,neutral
22752.mp3,joy
372.mp3,neutral
10714.mp3,anger
3285.mp3,neutral
26080.mp3,neutral
4948.mp3,surprise
27953.mp3,surprise
4661.mp3,neutral
1479.mp3,neutral
28677.mp3,sadness
21789.mp3,surprise
17829.mp3,disgust
5088.mp3,neutral
18507.mp3,joy
6634.mp3,surprise
7343.mp3,anger
7746.mp3,joy
22528.mp3,neutral
2024.mp3,joy
6041.mp3,surprise
2425.mp3,anger
14418.mp3,sadness
16561.mp3,neutral
16861.mp3,joy
48055.wav,disgust
16640.mp3,neutral
23264.mp3,neutral
22274.mp3,surprise
43605.wav,fear
14976.mp3,anger
43845.wav,fear
18238.mp3,disgust
29094.mp3,sadness
2630.mp3,neutral
13497.mp3,neutral
17711.mp3,joy
16841.mp3,neutral
24348.mp3,neutral
10501.mp3,joy
49017.wav,disgust
44918.wav,disgust
21556.mp3,neutral
23139.mp3,neutral
14308.mp3,anger
21898.mp3,fear
12162.mp3,surprise
6371.mp3,neutral
10632.mp3,joy
1044.mp3,anger
5701.mp3,neutral
5153.mp3,surprise
49303.wav,disgust
40305.wav,disgust
7238.mp3,surprise
41858.wav,fear
12433.mp3,neutral
15534.mp3,surprise
10993.mp3,surprise
11406.mp3,fear
29248.mp3,sadness
16908.mp3,neutral
2878.mp3,anger
11946.mp3,surprise
10787.mp3,neutral
25868.mp3,sadness
14875.mp3,neutral
6661.mp3,surprise
12097.mp3,neutral
22612.mp3,neutral
12740.mp3,anger
7312.mp3,neutral
7408.mp3,neutral
29793.mp3,neutral
21743.mp3,neutral
22395.mp3,neutral
8467.mp3,neutral
12445.mp3,joy
17396.mp3,neutral
1270.mp3,joy
29227.mp3,anger
26509.mp3,surprise
45454.wav,disgust
2403.mp3,neutral
16996.mp3,anger
5157.mp3,joy
12749.mp3,neutral
21565.mp3,anger
7425.mp3,neutral
27120.mp3,surprise
51236.wav,fear
23482.mp3,neutral
21851.mp3,neutral
7236.mp3,sadness
7360.mp3,sadness
8022.mp3,surprise
22562.mp3,joy
10421.mp3,joy
26028.mp3,joy
5943.mp3,joy
26892.mp3,joy
15223.mp3,surprise
22657.mp3,surprise
11899.mp3,surprise
11208.mp3,surprise
14461.mp3,anger
17768.mp3,anger
29262.mp3,neutral
4541.mp3,neutral
16129.mp3,neutral
2593.mp3,anger
10660.mp3,neutral
43774.wav,fear
94.mp3,neutral
51884.wav,disgust
15531.mp3,joy
13632.mp3,neutral
21631.mp3,surprise
6122.mp3,neutral
54.mp3,sadness
46181.wav,fear
23599.mp3,neutral
45660.wav,disgust
13483.mp3,neutral
25733.mp3,sadness
26854.mp3,neutral
26531.mp3,neutral
4423.mp3,neutral
15659.mp3,sadness
17951.mp3,joy
41359.wav,disgust
29364.mp3,anger
7090.mp3,neutral
11361.mp3,joy
16537.mp3,surprise
14613.mp3,neutral
8243.mp3,sadness
11332.mp3,surprise
857.mp3,joy
25684.mp3,anger
2374.mp3,joy
17678.mp3,joy
13541.mp3,neutral
22583.mp3,neutral
16675.mp3,surprise
44406.wav,disgust
284.mp3,joy
1335.mp3,sadness
12114.mp3,neutral
22086.mp3,neutral
4418.mp3,neutral
14793.mp3,joy
29025.mp3,neutral
11444.mp3,neutral
44880.wav,fear
16369.mp3,neutral
22844.mp3,joy
1531.mp3,neutral
25979.mp3,joy
17076.mp3,neutral
22527.mp3,neutral
981.mp3,neutral
26758.mp3,neutral
16535.mp3,surprise
2322.mp3,neutral
22848.mp3,sadness
26935.mp3,neutral
21518.mp3,neutral
29504.mp3,neutral
28734.mp3,surprise
8167.mp3,neutral
28783.mp3,neutral
1282.mp3,neutral
22515.mp3,neutral
27344.mp3,joy
17329.mp3,joy
23916.mp3,surprise
22221.mp3,anger
44848.wav,disgust
1225.mp3,neutral
3437.mp3,joy
13122.mp3,neutral
373.mp3,neutral
5688.mp3,surprise
16815.mp3,neutral
15451.mp3,joy
7951.mp3,neutral
6606.mp3,neutral
23496.mp3,neutral
45399.wav,fear
8023.mp3,neutral
14863.mp3,surprise
24735.mp3,anger
6679.mp3,disgust
3177.mp3,neutral
25769.mp3,neutral
4552.mp3,surprise
4137.mp3,surprise
12139.mp3,surprise
1259.mp3,neutral
24158.mp3,neutral
22294.mp3,neutral
51381.wav,fear
28346.mp3,neutral
18149.mp3,sadness
12920.mp3,neutral
4417.mp3,neutral
17832.mp3,fear
17587.mp3,joy
6242.mp3,joy
1249.mp3,neutral
14781.mp3,neutral
1718.mp3,neutral
7165.mp3,neutral
5060.mp3,anger
4331.mp3,surprise
4040.mp3,joy
24553.mp3,anger
28810.mp3,joy
4899.mp3,neutral
15964.mp3,surprise
1645.mp3,neutral
29172.mp3,neutral
14952.mp3,joy
18450.mp3,neutral
11236.mp3,neutral
11816.mp3,neutral
5574.mp3,joy
21884.mp3,neutral
29547.mp3,neutral
21481.mp3,anger
12697.mp3,neutral
16637.mp3,neutral
1557.mp3,neutral
28703.mp3,surprise
7493.mp3,neutral
28284.mp3,sadness
22037.mp3,joy
17628.mp3,neutral
14791.mp3,anger
29163.mp3,neutral
39594.wav,disgust
22829.mp3,surprise
26526.mp3,neutral
17790.mp3,neutral
4105.mp3,neutral
22177.mp3,neutral
15450.mp3,joy
1110.mp3,neutral
16844.mp3,joy
46692.wav,disgust
412.mp3,anger
12726.mp3,neutral
18462.mp3,neutral
17622.mp3,neutral
48984.wav,disgust
4740.mp3,anger
39469.wav,disgust
4959.mp3,anger
26606.mp3,anger
5591.mp3,neutral
2110.mp3,joy
50946.wav,disgust
1552.mp3,anger
40532.wav,disgust
18339.mp3,neutral
1474.mp3,surprise
3077.mp3,surprise
13346.mp3,joy
2295.mp3,fear
12059.mp3,anger
12901.mp3,anger
1643.mp3,surprise
16715.mp3,joy
49408.wav,disgust
718.mp3,anger
25980.mp3,neutral
14859.mp3,sadness
6241.mp3,joy
11167.mp3,neutral
27166.mp3,neutral
8282.mp3,neutral
1425.mp3,anger
29143.mp3,joy
49651.wav,disgust
24426.mp3,neutral
22289.mp3,neutral
10796.mp3,anger
18513.mp3,neutral
26970.mp3,neutral
29602.mp3,neutral
29649.mp3,joy
16591.mp3,neutral
25402.mp3,surprise
2017.mp3,anger
22729.mp3,joy
47467.wav,fear
7907.mp3,anger
28422.mp3,joy
6338.mp3,sadness
22471.mp3,neutral
17348.mp3,surprise
4179.mp3,sadness
5823.mp3,neutral
14719.mp3,neutral
7437.mp3,joy
29678.mp3,neutral
42269.wav,fear
23094.mp3,surprise
12054.mp3,anger
6042.mp3,joy
42895.wav,fear
14367.mp3,joy
8427.mp3,neutral
22260.mp3,anger
13420.mp3,neutral
27895.mp3,neutral
4600.mp3,neutral
5164.mp3,surprise
10703.mp3,neutral
1620.mp3,joy
48121.wav,disgust
5250.mp3,neutral
27832.mp3,neutral
47174.wav,fear
853.mp3,joy
10487.mp3,neutral
28028.mp3,surprise
28906.mp3,fear
11426.mp3,neutral
18222.mp3,neutral
4570.mp3,joy
4908.mp3,surprise
23401.mp3,joy
15257.mp3,surprise
17844.mp3,neutral
29224.mp3,joy
6774.mp3,surprise
86.mp3,neutral
14917.mp3,sadness
13731.mp3,sadness
27653.mp3,neutral
18150.mp3,anger
16867.mp3,neutral
6773.mp3,neutral
4603.mp3,neutral
47732.wav,disgust
29113.mp3,joy
27094.mp3,neutral
3079.mp3,neutral
22886.mp3,fear
23913.mp3,joy
834.mp3,neutral
42630.wav,disgust
14887.mp3,neutral
2946.mp3,neutral
11724.mp3,anger
512.mp3,surprise
28479.mp3,anger
24268.mp3,anger
26276.mp3,joy
4460.mp3,neutral
3092.mp3,joy
15069.mp3,neutral
29366.mp3,sadness
27373.mp3,surprise
6092.mp3,neutral
22975.mp3,neutral
1607.mp3,neutral
2274.mp3,sadness
2550.mp3,joy
15200.mp3,surprise
1346.mp3,sadness
48928.wav,disgust
1609.mp3,neutral
7940.mp3,joy
42879.wav,disgust
44953.wav,disgust
2833.mp3,neutral
22744.mp3,sadness
41893.wav,disgust
29848.mp3,neutral
7106.mp3,joy
6298.mp3,neutral
44284.wav,disgust
26527.mp3,anger
29076.mp3,sadness
21737.mp3,neutral
23689.mp3,neutral
27323.mp3,neutral
3193.mp3,neutral
6448.mp3,surprise
757.mp3,neutral
18273.mp3,neutral
39552.wav,disgust
6158.mp3,neutral
25572.mp3,neutral
13068.mp3,anger
10818.mp3,surprise
29033.mp3,neutral
11801.mp3,neutral
7175.mp3,anger
45540.wav,fear
18096.mp3,joy
18194.mp3,neutral
29524.mp3,anger
18690.mp3,neutral
24508.mp3,neutral
7267.mp3,neutral
16548.mp3,joy
15669.mp3,neutral
22871.mp3,surprise
24155.mp3,joy
1094.mp3,neutral
41673.wav,fear
22551.mp3,surprise
6916.mp3,surprise
12310.mp3,surprise
16083.mp3,joy
48030.wav,fear
12990.mp3,neutral
38934.wav,fear
27710.mp3,anger
1228.mp3,neutral
51598.wav,fear
24737.mp3,neutral
8287.mp3,neutral
29370.mp3,neutral
15646.mp3,neutral
11503.mp3,anger
2554.mp3,neutral
38691.wav,disgust
10313.mp3,neutral
18359.mp3,neutral
8080.mp3,neutral
4141.mp3,neutral
18654.mp3,joy
25617.mp3,anger
6843.mp3,neutral
28322.mp3,neutral
15100.mp3,anger
6247.mp3,neutral
17821.mp3,neutral
5096.mp3,neutral
10671.mp3,joy
27561.mp3,joy
6498.mp3,surprise
2571.mp3,sadness
18480.mp3,neutral
17676.mp3,neutral
677.mp3,joy
7732.mp3,neutral
2028.mp3,joy
26836.mp3,neutral
3127.mp3,neutral
51250.wav,disgust
26381.mp3,anger
21509.mp3,anger
47454.wav,fear
18078.mp3,neutral
47022.wav,disgust
28119.mp3,neutral
4111.mp3,neutral
27606.mp3,joy
14597.mp3,surprise
11758.mp3,neutral
7718.mp3,neutral
51791.wav,fear
47346.wav,fear
12107.mp3,surprise
6437.mp3,surprise
14489.mp3,neutral
12868.mp3,neutral
11893.mp3,joy
11949.mp3,joy
23753.mp3,surprise
2338.mp3,disgust
3302.mp3,neutral
16935.mp3,surprise
2935.mp3,neutral
27020.mp3,anger
50008.wav,disgust
15821.mp3,surprise
13071.mp3,anger
17113.mp3,neutral
28935.mp3,surprise
17631.mp3,neutral
26452.mp3,neutral
12380.mp3,neutral
16175.mp3,joy
6126.mp3,joy
8126.mp3,neutral
8110.mp3,neutral
2723.mp3,surprise
865.mp3,joy
22902.mp3,neutral
24358.mp3,surprise
11527.mp3,neutral
5379.mp3,joy
6164.mp3,neutral
1579.mp3,joy
26559.mp3,surprise
18491.mp3,sadness
44007.wav,fear
4939.mp3,surprise
6030.mp3,anger
29656.mp3,surprise
18561.mp3,fear
14395.mp3,joy
13500.mp3,sadness
26804.mp3,neutral
4227.mp3,anger
15841.mp3,neutral
14394.mp3,neutral
4152.mp3,sadness
12453.mp3,joy
29829.mp3,neutral
4051.mp3,neutral
13754.mp3,neutral
27005.mp3,anger
28513.mp3,neutral
27954.mp3,surprise
25871.mp3,neutral
28871.mp3,joy
27269.mp3,neutral
22456.mp3,neutral
18726.mp3,neutral
24340.mp3,joy
4881.mp3,anger
23782.mp3,anger
23125.mp3,neutral
43127.wav,disgust
29320.mp3,neutral
5836.mp3,joy
13417.mp3,joy
12600.mp3,sadness
49675.wav,fear
11604.mp3,neutral
44116.wav,disgust
12983.mp3,neutral
11819.mp3,surprise
27048.mp3,joy
12757.mp3,anger
39400.wav,fear
10748.mp3,neutral
17469.mp3,neutral
557.mp3,joy
14482.mp3,sadness
38614.wav,fear
6192.mp3,neutral
27768.mp3,neutral
18448.mp3,neutral
7161.mp3,neutral
4348.mp3,neutral
16272.mp3,surprise
45472.wav,fear
27052.mp3,joy
42928.wav,fear
2191.mp3,neutral
29494.mp3,neutral
22548.mp3,neutral
41675.wav,disgust
15672.mp3,anger
18667.mp3,surprise
24570.mp3,neutral
16936.mp3,surprise
29053.mp3,neutral
22618.mp3,neutral
3207.mp3,neutral
18260.mp3,anger
26896.mp3,joy
27846.mp3,surprise
12782.mp3,sadness
27914.mp3,joy
26325.mp3,joy
747.mp3,neutral
28683.mp3,joy
2216.mp3,anger
17926.mp3,anger
50381.wav,fear
46730.wav,disgust
10842.mp3,anger
676.mp3,neutral
29341.mp3,joy
18101.mp3,surprise
6762.mp3,joy
16540.mp3,joy
28830.mp3,neutral
18630.mp3,surprise
11821.mp3,sadness
26027.mp3,joy
48104.wav,fear
28004.mp3,neutral
519.mp3,neutral
28498.mp3,sadness
3263.mp3,neutral
15651.mp3,anger
1669.mp3,neutral
4024.mp3,neutral
21764.mp3,neutral
28917.mp3,neutral
44277.wav,fear
23446.mp3,neutral
2525.mp3,neutral
49395.wav,fear
6429.mp3,neutral
24441.mp3,neutral
22442.mp3,surprise
12665.mp3,joy
15962.mp3,joy
25466.mp3,neutral
41361.wav,disgust
4647.mp3,neutral
25574.mp3,sadness
26567.mp3,neutral
23604.mp3,sadness
18153.mp3,anger
11612.mp3,neutral
27836.mp3,joy
4249.mp3,surprise
24498.mp3,surprise
22545.mp3,anger
15129.mp3,surprise
16718.mp3,anger
17540.mp3,anger
22806.mp3,neutral
1460.mp3,joy
46824.wav,disgust
28782.mp3,neutral
16765.mp3,neutral
1436.mp3,neutral
5531.mp3,neutral
1727.mp3,joy
24619.mp3,joy
25639.mp3,sadness
29260.mp3,neutral
1525.mp3,joy
8136.mp3,sadness
22761.mp3,anger
5307.mp3,anger
28435.mp3,joy
5994.mp3,joy
14819.mp3,surprise
6416.mp3,neutral
24886.mp3,neutral
44141.wav,fear
24149.mp3,fear
13291.mp3,neutral
1837.mp3,neutral
13269.mp3,sadness
29304.mp3,anger
46430.wav,disgust
45559.wav,fear
48867.wav,disgust
40736.wav,fear
4382.mp3,neutral
13742.mp3,joy
51674.wav,disgust
38647.wav,fear
10834.mp3,sadness
26786.mp3,surprise
10650.mp3,joy
1618.mp3,anger
27426.mp3,neutral
1637.mp3,sadness
5381.mp3,surprise
3118.mp3,anger
12978.mp3,neutral
6798.mp3,neutral
7313.mp3,neutral
2717.mp3,neutral
188.mp3,joy
23436.mp3,surprise
2679.mp3,neutral
16453.mp3,neutral
23266.mp3,surprise
3070.mp3,sadness
8252.mp3,anger
14528.mp3,neutral
2782.mp3,anger
27263.mp3,neutral
14728.mp3,surprise
15380.mp3,anger
15430.mp3,joy
11322.mp3,neutral
28965.mp3,anger
7677.mp3,neutral
27288.mp3,joy
27578.mp3,joy
27589.mp3,neutral
10454.mp3,sadness
26849.mp3,neutral
4750.mp3,neutral
16793.mp3,neutral
21703.mp3,joy
23535.mp3,neutral
24694.mp3,neutral
25982.mp3,neutral
4475.mp3,surprise
12744.mp3,neutral
5156.mp3,neutral
17412.mp3,surprise
27602.mp3,neutral
3398.mp3,sadness
4198.mp3,surprise
14925.mp3,anger
27917.mp3,neutral
1075.mp3,neutral
1741.mp3,joy
25985.mp3,neutral
948.mp3,neutral
24415.mp3,neutral
39481.wav,disgust
22513.mp3,neutral
28887.mp3,neutral
13156.mp3,sadness
6233.mp3,neutral
1556.mp3,anger
48881.wav,disgust
7643.mp3,neutral
15251.mp3,disgust
27745.mp3,neutral
27811.mp3,joy
4429.mp3,sadness
25696.mp3,neutral
18539.mp3,neutral
29798.mp3,joy
4994.mp3,surprise
47841.wav,fear
15900.mp3,anger
22587.mp3,disgust
49617.wav,fear
41950.wav,fear
4209.mp3,neutral
5528.mp3,surprise
4766.mp3,anger
352.mp3,neutral
1190.mp3,joy
28143.mp3,joy
12359.mp3,surprise
6330.mp3,anger
24850.mp3,anger
16562.mp3,neutral
3417.mp3,neutral
42307.wav,fear
7420.mp3,joy
4257.mp3,anger
11869.mp3,surprise
28521.mp3,neutral
5347.mp3,neutral
25417.mp3,sadness
17548.mp3,anger
5106.mp3,joy
16405.mp3,neutral
26441.mp3,neutral
24336.mp3,joy
11580.mp3,neutral
2795.mp3,joy
629.mp3,joy
12669.mp3,joy
22826.mp3,joy
2465.mp3,sadness
17549.mp3,anger
4871.mp3,neutral
27419.mp3,neutral
26954.mp3,anger
16560.mp3,joy
25544.mp3,neutral
50980.wav,fear
21715.mp3,neutral
48629.wav,disgust
21955.mp3,neutral
13608.mp3,neutral
4030.mp3,neutral
16660.mp3,neutral
11656.mp3,neutral
5546.mp3,neutral
45139.wav,fear
183.mp3,joy
2170.mp3,neutral
23881.mp3,surprise
5066.mp3,sadness
6923.mp3,neutral
5001.mp3,anger
5910.mp3,neutral
13323.mp3,neutral
28414.mp3,neutral
50598.wav,fear
16866.mp3,sadness
4406.mp3,joy
4102.mp3,neutral
38522.wav,fear
14522.mp3,neutral
7808.mp3,sadness
16124.mp3,neutral
4688.mp3,neutral
41289.wav,fear
872.mp3,neutral
14764.mp3,neutral
4485.mp3,neutral
17085.mp3,neutral
16756.mp3,anger
27900.mp3,sadness
4670.mp3,joy
29393.mp3,neutral
11278.mp3,neutral
2725.mp3,neutral
24389.mp3,joy
17478.mp3,anger
21907.mp3,surprise
41601.wav,fear
22935.mp3,joy
23179.mp3,surprise
2895.mp3,joy
4483.mp3,joy
14387.mp3,neutral
28225.mp3,joy
22845.mp3,neutral
16832.mp3,neutral
28424.mp3,surprise
2509.mp3,neutral
8122.mp3,anger
18254.mp3,neutral
6067.mp3,neutral
18665.mp3,joy
27205.mp3,anger
22488.mp3,joy
7690.mp3,neutral
21839.mp3,neutral
5608.mp3,surprise
2006.mp3,surprise
15444.mp3,neutral
21709.mp3,fear
27021.mp3,neutral
12708.mp3,joy
2629.mp3,joy
27145.mp3,neutral
26402.mp3,sadness
17069.mp3,joy
18157.mp3,joy
2441.mp3,joy
27361.mp3,neutral
7187.mp3,anger
22191.mp3,neutral
28430.mp3,joy
328.mp3,surprise
26429.mp3,neutral
28536.mp3,sadness
18372.mp3,joy
4562.mp3,joy
7400.mp3,neutral
28361.mp3,neutral
7040.mp3,neutral
16315.mp3,neutral
3073.mp3,neutral
3481.mp3,neutral
4998.mp3,neutral
41915.wav,fear
16417.mp3,neutral
10374.mp3,neutral
28222.mp3,neutral
22423.mp3,joy
6024.mp3,neutral
7542.mp3,neutral
39152.wav,fear
27677.mp3,neutral
46318.wav,fear
2349.mp3,neutral
28766.mp3,joy
21682.mp3,anger
25790.mp3,sadness
12746.mp3,neutral
10484.mp3,joy
2340.mp3,surprise
28523.mp3,anger
3246.mp3,neutral
3320.mp3,anger
22194.mp3,joy
22355.mp3,neutral
28627.mp3,surprise
23145.mp3,neutral
49349.wav,fear
17092.mp3,neutral
17833.mp3,sadness
1537.mp3,neutral
44810.wav,disgust
6000.mp3,anger
28050.mp3,neutral
25420.mp3,neutral
17503.mp3,joy
29708.mp3,anger
22827.mp3,joy
7119.mp3,neutral
21575.mp3,joy
1792.mp3,anger
14339.mp3,surprise
6633.mp3,joy
4657.mp3,surprise
4494.mp3,joy
12384.mp3,joy
15610.mp3,anger
41883.wav,disgust
12821.mp3,anger
26809.mp3,neutral
15221.mp3,neutral
43681.wav,disgust
7714.mp3,neutral
11617.mp3,anger
44808.wav,fear
13496.mp3,neutral
8295.mp3,joy
1096.mp3,surprise
4134.mp3,anger
6748.mp3,joy
27046.mp3,joy
4363.mp3,anger
26927.mp3,sadness
22320.mp3,neutral
1266.mp3,joy
903.mp3,surprise
12999.mp3,neutral
12379.mp3,neutral
24632.mp3,joy
18501.mp3,surprise
16424.mp3,neutral
16204.mp3,neutral
23624.mp3,neutral
1333.mp3,surprise
21512.mp3,neutral
6942.mp3,neutral
18360.mp3,surprise
21852.mp3,neutral
26522.mp3,neutral
24100.mp3,sadness
23892.mp3,surprise
24591.mp3,neutral
11216.mp3,neutral
1484.mp3,neutral
2824.mp3,neutral
4076.mp3,neutral
17341.mp3,joy
25418.mp3,neutral
26891.mp3,neutral
27135.mp3,joy
8115.mp3,joy
16528.mp3,surprise
41905.wav,fear
42403.wav,disgust
23590.mp3,neutral
42949.wav,fear
21563.mp3,anger
1729.mp3,neutral
47790.wav,fear
226.mp3,disgust
3237.mp3,neutral
3240.mp3,sadness
1295.mp3,neutral
23219.mp3,anger
10677.mp3,sadness
23003.mp3,joy
6991.mp3,neutral
25816.mp3,neutral
12320.mp3,joy
741.mp3,neutral
27579.mp3,neutral
12698.mp3,neutral
27515.mp3,neutral
18475.mp3,neutral
23061.mp3,joy
11027.mp3,anger
22238.mp3,neutral
1562.mp3,neutral
21647.mp3,neutral
12681.mp3,neutral
22479.mp3,joy
23520.mp3,neutral
15787.mp3,neutral
43971.wav,disgust
18781.mp3,joy
554.mp3,neutral
15666.mp3,neutral
24371.mp3,neutral
12878.mp3,neutral
40533.wav,fear
12508.mp3,neutral
4553.mp3,neutral
6031.mp3,neutral
8453.mp3,joy
26208.mp3,neutral
16178.mp3,joy
27342.mp3,joy
8378.mp3,neutral
18210.mp3,surprise
10591.mp3,neutral
16142.mp3,neutral
23776.mp3,joy
940.mp3,neutral
2592.mp3,joy
15226.mp3,neutral
25560.mp3,neutral
2239.mp3,surprise
15552.mp3,neutral
16855.mp3,joy
12557.mp3,surprise
11988.mp3,surprise
413.mp3,anger
42508.wav,fear
11942.mp3,surprise
4026.mp3,neutral
6335.mp3,neutral
4276.mp3,anger
28607.mp3,joy
6054.mp3,neutral
13184.mp3,neutral
21702.mp3,neutral
21574.mp3,anger
10978.mp3,surprise
4142.mp3,neutral
25724.mp3,neutral
2853.mp3,neutral
23668.mp3,anger
8351.mp3,surprise
29540.mp3,neutral
25458.mp3,sadness
23246.mp3,joy
21675.mp3,neutral
27695.mp3,neutral
49.mp3,neutral
11897.mp3,surprise
46376.wav,disgust
15823.mp3,joy
2750.mp3,neutral
11953.mp3,fear
51804.wav,disgust
41129.wav,disgust
23182.mp3,joy
24183.mp3,anger
28553.mp3,surprise
967.mp3,neutral
29559.mp3,neutral
16013.mp3,neutral
28170.mp3,joy
26292.mp3,neutral
40979.wav,fear
16148.mp3,neutral
21618.mp3,surprise
5074.mp3,joy
4463.mp3,neutral
45999.wav,disgust
21846.mp3,neutral
18317.mp3,joy
48727.wav,fear
2897.mp3,joy
8352.mp3,neutral
23562.mp3,neutral
21666.mp3,neutral
6954.mp3,neutral
50337.wav,disgust
15090.mp3,neutral
28265.mp3,neutral
17136.mp3,neutral
5500.mp3,joy
7356.mp3,anger
17207.mp3,neutral
22748.mp3,neutral
16411.mp3,sadness
29065.mp3,neutral
14300.mp3,joy
14660.mp3,neutral
3496.mp3,neutral
12414.mp3,neutral
13504.mp3,neutral
11398.mp3,neutral
24401.mp3,neutral
28622.mp3,neutral
24072.mp3,neutral
14336.mp3,joy
13756.mp3,surprise
46682.wav,disgust
29309.mp3,neutral
28960.mp3,sadness
12156.mp3,neutral
17895.mp3,neutral
26313.mp3,neutral
8415.mp3,surprise
21539.mp3,neutral
18742.mp3,neutral
14670.mp3,joy
13584.mp3,neutral
49925.wav,disgust
11196.mp3,joy
28438.mp3,joy
46187.wav,fear
4520.mp3,surprise
18189.mp3,neutral
13518.mp3,anger
29627.mp3,anger
26152.mp3,neutral
16968.mp3,joy
25635.mp3,surprise
2356.mp3,anger
22531.mp3,joy
4564.mp3,joy
18429.mp3,neutral
12006.mp3,anger
2933.mp3,surprise
1665.mp3,neutral
5233.mp3,neutral
12636.mp3,joy
7436.mp3,surprise
489.mp3,neutral
1601.mp3,neutral
23741.mp3,sadness
11382.mp3,neutral
15368.mp3,sadness
14348.mp3,neutral
24795.mp3,joy
28062.mp3,neutral
11430.mp3,joy
13067.mp3,anger
2069.mp3,neutral
7381.mp3,joy
17509.mp3,joy
21832.mp3,neutral
13570.mp3,anger
11867.mp3,neutral
25694.mp3,surprise
22676.mp3,neutral
11449.mp3,anger
14897.mp3,neutral
26243.mp3,anger
18618.mp3,neutral
11159.mp3,neutral
18416.mp3,neutral
8043.mp3,joy
1803.mp3,neutral
234.mp3,anger
14592.mp3,neutral
22213.mp3,neutral
15614.mp3,anger
28191.mp3,neutral
16295.mp3,joy
28961.mp3,surprise
23637.mp3,neutral
45638.wav,disgust
49047.wav,disgust
11179.mp3,neutral
11520.mp3,neutral
1469.mp3,neutral
4056.mp3,neutral
6348.mp3,neutral
28910.mp3,joy
11669.mp3,neutral
26895.mp3,joy
7950.mp3,surprise
10931.mp3,joy
25405.mp3,anger
23100.mp3,surprise
8319.mp3,sadness
28612.mp3,neutral
22643.mp3,neutral
6713.mp3,neutral
24868.mp3,neutral
5665.mp3,joy
17498.mp3,neutral
6352.mp3,sadness
5721.mp3,neutral
7192.mp3,neutral
18345.mp3,joy
16515.mp3,neutral
25998.mp3,neutral
11082.mp3,disgust
22968.mp3,neutral
45279.wav,fear
21806.mp3,neutral
12759.mp3,anger
4241.mp3,joy
27719.mp3,neutral
13564.mp3,surprise
23734.mp3,neutral
17374.mp3,surprise
11667.mp3,neutral
10625.mp3,neutral
11804.mp3,neutral
22200.mp3,neutral
42.mp3,neutral
17942.mp3,neutral
2869.mp3,neutral
26171.mp3,neutral
15710.mp3,neutral
26278.mp3,surprise
4178.mp3,surprise
7874.mp3,joy
2687.mp3,neutral
26693.mp3,joy
986.mp3,neutral
46385.wav,disgust
24077.mp3,neutral
237.mp3,neutral
24688.mp3,neutral
29785.mp3,anger
11061.mp3,neutral
11950.mp3,joy
26087.mp3,surprise
13112.mp3,neutral
95.mp3,neutral
28423.mp3,sadness
17215.mp3,joy
3194.mp3,neutral
49755.wav,fear
3156.mp3,joy
16329.mp3,anger
44346.wav,fear
16228.mp3,neutral
29205.mp3,joy
23656.mp3,anger
29660.mp3,neutral
48818.wav,disgust
26232.mp3,sadness
21857.mp3,disgust
28364.mp3,neutral
16723.mp3,neutral
51712.wav,disgust
25666.mp3,sadness
45024.wav,fear
26560.mp3,neutral
56.mp3,neutral
26907.mp3,neutral
24130.mp3,neutral
26922.mp3,surprise
5556.mp3,neutral
7852.mp3,neutral
21550.mp3,sadness
374.mp3,neutral
16555.mp3,neutral
50867.wav,fear
17732.mp3,neutral
29023.mp3,joy
40882.wav,disgust
39394.wav,fear
41621.wav,fear
728.mp3,neutral
12013.mp3,neutral
13543.mp3,neutral
22333.mp3,joy
18558.mp3,anger
21923.mp3,sadness
21735.mp3,anger
28738.mp3,neutral
22449.mp3,neutral
15973.mp3,surprise
12526.mp3,neutral
26937.mp3,neutral
13648.mp3,anger
1710.mp3,anger
12476.mp3,neutral
12798.mp3,surprise
23492.mp3,sadness
6362.mp3,surprise
4979.mp3,anger
48901.wav,fear
16787.mp3,neutral
11131.mp3,neutral
29587.mp3,surprise
17067.mp3,joy
23703.mp3,joy
14446.mp3,neutral
7701.mp3,neutral
14531.mp3,neutral
12613.mp3,joy
11210.mp3,anger
12650.mp3,neutral
11636.mp3,neutral
17229.mp3,neutral
16789.mp3,neutral
12374.mp3,sadness
48670.wav,disgust
24067.mp3,neutral
6218.mp3,neutral
22888.mp3,sadness
2830.mp3,surprise
25669.mp3,neutral
5853.mp3,neutral
15004.mp3,neutral
17534.mp3,neutral
45927.wav,disgust
754.mp3,disgust
22631.mp3,neutral
29769.mp3,surprise
42096.wav,disgust
41252.wav,disgust
157.mp3,neutral
29792.mp3,joy
6549.mp3,anger
5666.mp3,neutral
22699.mp3,neutral
22951.mp3,surprise
7813.mp3,neutral
29872.mp3,neutral
3126.mp3,neutral
26079.mp3,neutral
27960.mp3,joy
22215.mp3,neutral
172.mp3,neutral
5245.mp3,neutral
12660.mp3,joy
43171.wav,disgust
27849.mp3,neutral
6464.mp3,neutral
25960.mp3,sadness
3165.mp3,surprise
21820.mp3,neutral
26151.mp3,surprise
45667.wav,disgust
43812.wav,fear
48935.wav,disgust
2561.mp3,anger
4989.mp3,neutral
26400.mp3,joy
3315.mp3,anger
5396.mp3,neutral
3058.mp3,neutral
27097.mp3,surprise
18557.mp3,surprise
29731.mp3,anger
39216.wav,disgust
7982.mp3,neutral
17758.mp3,sadness
28540.mp3,neutral
4420.mp3,surprise
7455.mp3,sadness
26521.mp3,neutral
21913.mp3,neutral
3357.mp3,neutral
5804.mp3,anger
11718.mp3,neutral
8451.mp3,neutral
7662.mp3,anger
8058.mp3,surprise
21483.mp3,anger
42291.wav,fear
3056.mp3,neutral
12994.mp3,neutral
5832.mp3,neutral
13361.mp3,anger
2282.mp3,neutral
48605.wav,disgust
4490.mp3,neutral
45340.wav,disgust
38611.wav,fear
18190.mp3,neutral
28262.mp3,joy
16827.mp3,neutral
22399.mp3,anger
48976.wav,fear
17306.mp3,neutral
4496.mp3,surprise
1302.mp3,neutral
5675.mp3,neutral
12738.mp3,sadness
17347.mp3,neutral
27063.mp3,neutral
5976.mp3,anger
24277.mp3,neutral
43117.wav,disgust
17912.mp3,joy
6490.mp3,neutral
7258.mp3,neutral
467.mp3,anger
27037.mp3,surprise
6519.mp3,neutral
22058.mp3,joy
6128.mp3,neutral
1815.mp3,joy
18058.mp3,joy
48460.wav,fear
18579.mp3,neutral
41272.wav,fear
25522.mp3,neutral
2955.mp3,surprise
10612.mp3,neutral
3497.mp3,neutral
5906.mp3,neutral
1743.mp3,joy
13216.mp3,neutral
28865.mp3,joy
4405.mp3,sadness
26122.mp3,sadness
23783.mp3,neutral
2538.mp3,neutral
28818.mp3,surprise
14424.mp3,joy
12523.mp3,neutral
27718.mp3,neutral
40904.wav,disgust
17648.mp3,neutral
49514.wav,disgust
21446.mp3,neutral
780.mp3,surprise
26607.mp3,neutral
6520.mp3,joy
14721.mp3,surprise
560.mp3,neutral
984.mp3,joy
3223.mp3,surprise
28376.mp3,neutral
29002.mp3,neutral
24898.mp3,sadness
27164.mp3,neutral
18308.mp3,neutral
29662.mp3,neutral
4220.mp3,neutral
10309.mp3,neutral
15809.mp3,surprise
23773.mp3,neutral
4671.mp3,neutral
29169.mp3,joy
4262.mp3,neutral
28427.mp3,neutral
22258.mp3,neutral
15287.mp3,sadness
39339.wav,fear
4855.mp3,neutral
13700.mp3,neutral
46209.wav,fear
11664.mp3,surprise
4875.mp3,surprise
2404.mp3,joy
11170.mp3,anger
23228.mp3,neutral
38554.wav,disgust
4357.mp3,anger
41081.wav,disgust
5780.mp3,neutral
49385.wav,fear
7479.mp3,sadness
13789.mp3,joy
29073.mp3,neutral
7133.mp3,neutral
29127.mp3,neutral
16349.mp3,neutral
21745.mp3,surprise
2299.mp3,anger
2027.mp3,neutral
6739.mp3,joy
17911.mp3,joy
50510.wav,disgust
5955.mp3,surprise
22887.mp3,neutral
12727.mp3,joy
10952.mp3,neutral
26780.mp3,joy
12136.mp3,joy
7786.mp3,joy
6334.mp3,neutral
2609.mp3,surprise
26885.mp3,neutral
29726.mp3,joy
355.mp3,joy
23176.mp3,joy
12793.mp3,neutral
22708.mp3,neutral
283.mp3,anger
10760.mp3,neutral
12135.mp3,joy
4512.mp3,fear
4054.mp3,neutral
29352.mp3,surprise
23667.mp3,surprise
47922.wav,disgust
22421.mp3,anger
15980.mp3,neutral
21838.mp3,neutral
38528.wav,fear
2212.mp3,surprise
292.mp3,joy
42449.wav,disgust
4221.mp3,surprise
44909.wav,fear
16238.mp3,joy
11762.mp3,joy
5072.mp3,sadness
22595.mp3,joy
4738.mp3,neutral
8102.mp3,neutral
11507.mp3,neutral
6820.mp3,joy
28626.mp3,neutral
8123.mp3,joy
53.mp3,joy
7200.mp3,surprise
27562.mp3,neutral
22057.mp3,neutral
7300.mp3,neutral
28017.mp3,neutral
2848.mp3,anger
6646.mp3,anger
15573.mp3,anger
14630.mp3,joy
388.mp3,anger
7466.mp3,joy
29039.mp3,neutral
24093.mp3,neutral
6676.mp3,anger
1194.mp3,neutral
16120.mp3,neutral
6911.mp3,neutral
6014.mp3,surprise
27196.mp3,neutral
3321.mp3,anger
17750.mp3,anger
5048.mp3,neutral
27324.mp3,neutral
8286.mp3,neutral
15150.mp3,anger
49658.wav,fear
14407.mp3,neutral
16032.mp3,joy
21962.mp3,joy
22585.mp3,fear
1580.mp3,neutral
12907.mp3,neutral
1546.mp3,joy
18420.mp3,surprise
26433.mp3,neutral
10916.mp3,neutral
24580.mp3,joy
2563.mp3,neutral
22055.mp3,neutral
23589.mp3,neutral
4367.mp3,joy
4372.mp3,neutral
28339.mp3,neutral
2625.mp3,neutral
29478.mp3,neutral
15833.mp3,neutral
17966.mp3,neutral
18439.mp3,neutral
42880.wav,disgust
5327.mp3,disgust
3030.mp3,neutral
6789.mp3,anger
23463.mp3,neutral
5877.mp3,joy
2628.mp3,joy
16376.mp3,neutral
12667.mp3,sadness
7574.mp3,anger
43978.wav,disgust
24319.mp3,neutral
2118.mp3,joy
1005.mp3,joy
14590.mp3,neutral
27036.mp3,neutral
7168.mp3,anger
48891.wav,fear
28532.mp3,surprise
28596.mp3,sadness
15928.mp3,anger
29876.mp3,sadness
2091.mp3,sadness
26237.mp3,joy
49093.wav,fear
46340.wav,fear
4516.mp3,anger
24502.mp3,neutral
13085.mp3,neutral
1758.mp3,neutral
10627.mp3,neutral
29747.mp3,neutral
11589.mp3,surprise
5616.mp3,neutral
506.mp3,sadness
42065.wav,disgust
408.mp3,neutral
12322.mp3,neutral
12386.mp3,neutral
7419.mp3,surprise
3292.mp3,neutral
6755.mp3,neutral
26131.mp3,surprise
29332.mp3,surprise
8302.mp3,neutral
18169.mp3,sadness
5561.mp3,sadness
38954.wav,fear
22808.mp3,neutral
4684.mp3,neutral
26516.mp3,neutral
16189.mp3,surprise
26335.mp3,neutral
16486.mp3,surprise
26756.mp3,neutral
10870.mp3,neutral
29006.mp3,neutral
23989.mp3,surprise
27316.mp3,neutral
16571.mp3,joy
44746.wav,fear
13441.mp3,neutral
45502.wav,fear
6960.mp3,neutral
17551.mp3,anger
27675.mp3,surprise
21853.mp3,neutral
4953.mp3,disgust
26798.mp3,neutral
27119.mp3,neutral
5809.mp3,anger
24718.mp3,neutral
15767.mp3,neutral
23799.mp3,neutral
13127.mp3,neutral
2479.mp3,neutral
18445.mp3,neutral
27770.mp3,neutral
18245.mp3,neutral
6542.mp3,joy
24673.mp3,anger
28027.mp3,neutral
7900.mp3,neutral
18361.mp3,joy
29060.mp3,neutral
22795.mp3,joy
23702.mp3,anger
12015.mp3,neutral
17598.mp3,neutral
28357.mp3,neutral
28015.mp3,neutral
17789.mp3,neutral
22842.mp3,joy
28358.mp3,neutral
51434.wav,disgust
49471.wav,fear
22637.mp3,surprise
10399.mp3,neutral
40685.wav,disgust
12057.mp3,anger
18178.mp3,anger
70.mp3,surprise
15572.mp3,surprise
5129.mp3,joy
17562.mp3,neutral
26197.mp3,neutral
27714.mp3,neutral
14795.mp3,surprise
24420.mp3,neutral
13647.mp3,neutral
5214.mp3,neutral
47368.wav,disgust
21644.mp3,neutral
25492.mp3,sadness
10662.mp3,neutral
26945.mp3,neutral
26959.mp3,sadness
26860.mp3,surprise
6205.mp3,joy
4169.mp3,anger
17642.mp3,sadness
42045.wav,disgust
27507.mp3,neutral
28582.mp3,anger
13506.mp3,joy
13086.mp3,neutral
3002.mp3,neutral
21602.mp3,joy
2272.mp3,surprise
3050.mp3,joy
12884.mp3,neutral
29506.mp3,neutral
15014.mp3,sadness
7670.mp3,neutral
14686.mp3,anger
1053.mp3,neutral
23901.mp3,neutral
16190.mp3,neutral
23211.mp3,neutral
28161.mp3,anger
26274.mp3,joy
42746.wav,fear
5408.mp3,neutral
930.mp3,joy
10401.mp3,neutral
23269.mp3,joy
45676.wav,fear
49585.wav,fear
26656.mp3,neutral
12857.mp3,anger
42314.wav,fear
50234.wav,fear
27824.mp3,joy
8449.mp3,neutral
18687.mp3,joy
27418.mp3,neutral
7211.mp3,anger
5472.mp3,surprise
27956.mp3,neutral
2704.mp3,neutral
28870.mp3,joy
13555.mp3,joy
28639.mp3,neutral
10837.mp3,anger
26350.mp3,joy
27314.mp3,anger
21968.mp3,fear
22046.mp3,joy
22928.mp3,joy
48027.wav,disgust
5727.mp3,joy
29619.mp3,neutral
46210.wav,disgust
16703.mp3,neutral
21856.mp3,sadness
1083.mp3,neutral
43122.wav,fear
27706.mp3,neutral
11074.mp3,neutral
13706.mp3,sadness
15214.mp3,fear
27707.mp3,neutral
13662.mp3,surprise
11409.mp3,neutral
7657.mp3,neutral
18151.mp3,anger
117.mp3,neutral
2136.mp3,neutral
13087.mp3,surprise
29229.mp3,anger
22023.mp3,neutral
1392.mp3,surprise
18005.mp3,neutral
4084.mp3,neutral
6440.mp3,neutral
13020.mp3,joy
15363.mp3,sadness
25926.mp3,anger
4396.mp3,sadness
26002.mp3,sadness
11254.mp3,neutral
18482.mp3,neutral
24013.mp3,surprise
6346.mp3,neutral
5810.mp3,anger
2847.mp3,neutral
24265.mp3,neutral
12113.mp3,joy
42753.wav,fear
3377.mp3,neutral
1737.mp3,joy
23109.mp3,neutral
47991.wav,disgust
3376.mp3,neutral
6021.mp3,neutral
10481.mp3,joy
16328.mp3,anger
97.mp3,neutral
15493.mp3,surprise
27684.mp3,neutral
26508.mp3,surprise
7003.mp3,neutral
23766.mp3,sadness
23098.mp3,neutral
29362.mp3,sadness
3027.mp3,neutral
2506.mp3,surprise
12093.mp3,anger
22315.mp3,neutral
46312.wav,disgust
0.mp3,neutral
43425.wav,fear
5650.mp3,joy
106.mp3,anger
18535.mp3,joy
15234.mp3,neutral
24232.mp3,neutral
10683.mp3,neutral
44062.wav,fear
22477.mp3,neutral
24270.mp3,neutral
24628.mp3,neutral
27144.mp3,neutral
7347.mp3,surprise
11315.mp3,surprise
5477.mp3,anger
29187.mp3,surprise
15998.mp3,neutral
1615.mp3,neutral
24387.mp3,neutral
342.mp3,joy
16184.mp3,neutral
2586.mp3,surprise
12644.mp3,neutral
23960.mp3,surprise
44421.wav,fear
6681.mp3,sadness
16133.mp3,neutral
12347.mp3,surprise
4354.mp3,anger
4253.mp3,anger
22512.mp3,neutral
48088.wav,fear
47983.wav,fear
49502.wav,fear
22222.mp3,neutral
4591.mp3,neutral
41763.wav,fear
7702.mp3,neutral
27665.mp3,neutral
4009.mp3,sadness
23504.mp3,neutral
27551.mp3,neutral
16254.mp3,neutral
40755.wav,disgust
21840.mp3,disgust
22304.mp3,neutral
16760.mp3,joy
29873.mp3,neutral
11663.mp3,anger
24677.mp3,neutral
12651.mp3,neutral
26198.mp3,neutral
13006.mp3,joy
10453.mp3,neutral
18290.mp3,surprise
17602.mp3,neutral
6109.mp3,neutral
16925.mp3,neutral
2796.mp3,neutral
26030.mp3,joy
14946.mp3,neutral
6097.mp3,neutral
25988.mp3,neutral
24625.mp3,neutral
16116.mp3,joy
12957.mp3,neutral
29664.mp3,fear
1033.mp3,neutral
12820.mp3,neutral
2805.mp3,neutral
24804.mp3,neutral
835.mp3,neutral
16119.mp3,sadness
7042.mp3,neutral
11326.mp3,joy
46307.wav,fear
26726.mp3,neutral
2874.mp3,neutral
27326.mp3,neutral
17206.mp3,neutral
29036.mp3,joy
48758.wav,disgust
11260.mp3,neutral
14464.mp3,anger
1724.mp3,neutral
12702.mp3,neutral
17045.mp3,neutral
6172.mp3,neutral
1635.mp3,sadness
15512.mp3,surprise
1614.mp3,anger
7202.mp3,neutral
41140.wav,disgust
39245.wav,disgust
24257.mp3,neutral
6342.mp3,joy
3176.mp3,neutral
16731.mp3,neutral
15642.mp3,neutral
766.mp3,neutral
4742.mp3,joy
45349.wav,disgust
1403.mp3,surprise
29885.mp3,neutral
27712.mp3,sadness
7781.mp3,neutral
16260.mp3,surprise
763.mp3,joy
23969.mp3,anger
26445.mp3,neutral
2692.mp3,neutral
13424.mp3,neutral
27659.mp3,sadness
4229.mp3,neutral
14542.mp3,neutral
17029.mp3,neutral
22582.mp3,anger
6450.mp3,joy
42427.wav,fear
24662.mp3,surprise
29410.mp3,sadness
7525.mp3,surprise
13144.mp3,neutral
26722.mp3,neutral
21756.mp3,neutral
28200.mp3,surprise
15261.mp3,neutral
7230.mp3,anger
13249.mp3,anger
28945.mp3,neutral
29125.mp3,neutral
29831.mp3,neutral
45082.wav,fear
5990.mp3,sadness
878.mp3,neutral
24466.mp3,joy
12633.mp3,joy
3021.mp3,anger
6987.mp3,surprise
50680.wav,fear
18736.mp3,joy
1338.mp3,neutral
11522.mp3,disgust
24381.mp3,neutral
26562.mp3,joy
2023.mp3,neutral
24827.mp3,neutral
23800.mp3,neutral
1103.mp3,joy
2770.mp3,anger
22511.mp3,neutral
6926.mp3,neutral
18067.mp3,surprise
29856.mp3,surprise
16122.mp3,neutral
49748.wav,disgust
14751.mp3,neutral
29847.mp3,surprise
27806.mp3,neutral
25573.mp3,neutral
15330.mp3,anger
5117.mp3,neutral
50410.wav,disgust
12865.mp3,neutral
28720.mp3,joy
15657.mp3,surprise
28690.mp3,neutral
576.mp3,neutral
10511.mp3,joy
44739.wav,disgust
21516.mp3,joy
11084.mp3,neutral
13522.mp3,neutral
18175.mp3,neutral
12441.mp3,neutral
15528.mp3,neutral
48899.wav,disgust
4456.mp3,neutral
3467.mp3,neutral
134.mp3,anger
11822.mp3,fear
7687.mp3,neutral
16055.mp3,fear
45624.wav,fear
34.mp3,surprise
12988.mp3,surprise
14848.mp3,neutral
26723.mp3,neutral
6876.mp3,neutral
18198.mp3,neutral
1387.mp3,sadness
1590.mp3,neutral
11900.mp3,surprise
24444.mp3,neutral
5299.mp3,anger
2192.mp3,neutral
5097.mp3,neutral
22036.mp3,neutral
8100.mp3,neutral
28497.mp3,neutral
47754.wav,fear
27173.mp3,anger
23980.mp3,neutral
10724.mp3,surprise
13640.mp3,neutral
4838.mp3,sadness
24429.mp3,joy
7503.mp3,neutral
28187.mp3,anger
26678.mp3,neutral
21858.mp3,neutral
17870.mp3,sadness
28675.mp3,neutral
10910.mp3,neutral
189.mp3,neutral
16770.mp3,neutral
15847.mp3,neutral
666.mp3,neutral
16277.mp3,anger
27559.mp3,joy
18701.mp3,neutral
48318.wav,fear
21672.mp3,joy
12044.mp3,sadness
11004.mp3,neutral
44761.wav,fear
5213.mp3,neutral
28967.mp3,neutral
17464.mp3,neutral
43744.wav,fear
4909.mp3,neutral
27971.mp3,sadness
17171.mp3,neutral
2846.mp3,neutral
27150.mp3,neutral
11408.mp3,neutral
22801.mp3,anger
14964.mp3,joy
24727.mp3,neutral
18534.mp3,neutral
15850.mp3,anger
24486.mp3,surprise
958.mp3,surprise
1530.mp3,surprise
8418.mp3,neutral
24326.mp3,neutral
4165.mp3,anger
18065.mp3,neutral
17812.mp3,joy
11874.mp3,anger
16487.mp3,surprise
6965.mp3,neutral
13579.mp3,anger
15985.mp3,neutral
6941.mp3,joy
21940.mp3,anger
17010.mp3,sadness
25431.mp3,joy
6132.mp3,neutral
12922.mp3,neutral
16825.mp3,joy
18276.mp3,neutral
24352.mp3,sadness
50646.wav,fear
14365.mp3,disgust
7081.mp3,sadness
2013.mp3,anger
6607.mp3,neutral
29261.mp3,surprise
2722.mp3,neutral
8052.mp3,surprise
14878.mp3,sadness
15894.mp3,anger
17501.mp3,anger
13482.mp3,joy
15124.mp3,neutral
26111.mp3,sadness
40681.wav,disgust
11954.mp3,joy
803.mp3,neutral
18300.mp3,neutral
5172.mp3,neutral
18165.mp3,neutral
29283.mp3,neutral
3392.mp3,neutral
24252.mp3,disgust
26709.mp3,anger
4211.mp3,anger
27764.mp3,neutral
24820.mp3,neutral
4197.mp3,joy
4109.mp3,surprise
10636.mp3,anger
27894.mp3,neutral
15384.mp3,anger
3131.mp3,sadness
24000.mp3,anger
1291.mp3,neutral
27090.mp3,neutral
488.mp3,surprise
14920.mp3,joy
26838.mp3,joy
14770.mp3,joy
18388.mp3,neutral
16457.mp3,neutral
43203.wav,disgust
12657.mp3,joy
46837.wav,fear
27805.mp3,neutral
7478.mp3,anger
11201.mp3,joy
25539.mp3,neutral
28371.mp3,joy
17204.mp3,anger
12469.mp3,neutral
14849.mp3,neutral
6953.mp3,neutral
17559.mp3,neutral
43295.wav,disgust
29177.mp3,neutral
13641.mp3,fear
515.mp3,anger
8063.mp3,joy
13002.mp3,neutral
5518.mp3,sadness
13474.mp3,neutral
45621.wav,fear
11217.mp3,neutral
23575.mp3,joy
14776.mp3,surprise
24713.mp3,joy
4708.mp3,neutral
23155.mp3,anger
6257.mp3,joy
18095.mp3,neutral
47682.wav,disgust
11164.mp3,neutral
1038.mp3,neutral
48328.wav,fear
8021.mp3,neutral
40421.wav,disgust
12035.mp3,neutral
16297.mp3,neutral
29800.mp3,neutral
7593.mp3,joy
27861.mp3,neutral
1179.mp3,sadness
29475.mp3,neutral
28990.mp3,sadness
43242.wav,disgust
6505.mp3,surprise
7684.mp3,joy
4437.mp3,neutral
13583.mp3,anger
3053.mp3,surprise
15569.mp3,neutral
15499.mp3,neutral
26689.mp3,joy
22543.mp3,anger
28971.mp3,anger
4514.mp3,anger
5094.mp3,anger
28841.mp3,neutral
4547.mp3,neutral
18365.mp3,joy
12770.mp3,surprise
12998.mp3,neutral
4694.mp3,anger
2181.mp3,neutral
22391.mp3,neutral
7640.mp3,neutral
471.mp3,neutral
11670.mp3,neutral
5785.mp3,joy
17723.mp3,neutral
16246.mp3,neutral
3484.mp3,neutral
3275.mp3,anger
5734.mp3,surprise
22268.mp3,anger
16296.mp3,joy
18610.mp3,sadness
2528.mp3,neutral
6974.mp3,neutral
26403.mp3,neutral
18434.mp3,joy
5754.mp3,joy
26069.mp3,joy
21678.mp3,neutral
25727.mp3,joy
28860.mp3,sadness
23943.mp3,surprise
18469.mp3,neutral
13277.mp3,neutral
5266.mp3,neutral
15373.mp3,sadness
6603.mp3,joy
11548.mp3,neutral
6772.mp3,fear
39313.wav,fear
17096.mp3,anger
23116.mp3,neutral
535.mp3,neutral
22885.mp3,sadness
4469.mp3,joy
4806.mp3,anger
21455.mp3,neutral
23910.mp3,neutral
7729.mp3,neutral
6637.mp3,surprise
15060.mp3,anger
7092.mp3,joy
3278.mp3,anger
6463.mp3,neutral
22683.mp3,anger
7996.mp3,surprise
3128.mp3,joy
16959.mp3,joy
15369.mp3,sadness
4813.mp3,neutral
40424.wav,disgust
6171.mp3,joy
1310.mp3,neutral
10393.mp3,neutral
23997.mp3,fear
28022.mp3,joy
18381.mp3,surprise
5562.mp3,sadness
23240.mp3,neutral
5580.mp3,anger
18070.mp3,joy
2928.mp3,neutral
29508.mp3,anger
6081.mp3,fear
28873.mp3,joy
3408.mp3,neutral
18017.mp3,sadness
27410.mp3,surprise
756.mp3,anger
23772.mp3,joy
7672.mp3,surprise
8161.mp3,neutral
13758.mp3,surprise
24375.mp3,joy
5915.mp3,neutral
10567.mp3,surprise
8171.mp3,neutral
27699.mp3,joy
17317.mp3,neutral
1823.mp3,neutral
23651.mp3,joy
5182.mp3,neutral
4826.mp3,neutral
17636.mp3,joy
5525.mp3,neutral
27790.mp3,neutral
16267.mp3,neutral
2562.mp3,anger
1800.mp3,neutral
2784.mp3,neutral
27821.mp3,joy
12980.mp3,joy
13611.mp3,joy
1719.mp3,surprise
26204.mp3,anger
6986.mp3,neutral
1358.mp3,anger
24054.mp3,neutral
18257.mp3,neutral
4176.mp3,joy
1780.mp3,sadness
15972.mp3,neutral
21402.mp3,neutral
45901.wav,disgust
16838.mp3,joy
25751.mp3,neutral
1619.mp3,joy
14757.mp3,surprise
12623.mp3,neutral
1773.mp3,surprise
3154.mp3,neutral
8031.mp3,joy
5226.mp3,joy
39560.wav,disgust
1825.mp3,neutral
10999.mp3,joy
17781.mp3,sadness
40503.wav,disgust
16317.mp3,neutral
42566.wav,fear
51397.wav,disgust
16078.mp3,neutral
10701.mp3,joy
22087.mp3,neutral
4070.mp3,neutral
2418.mp3,neutral
4747.mp3,neutral
16522.mp3,anger
24834.mp3,sadness
10890.mp3,joy
17333.mp3,surprise
29707.mp3,surprise
13037.mp3,neutral
17853.mp3,anger
17451.mp3,joy
28741.mp3,surprise
7934.mp3,disgust
13340.mp3,surprise
24229.mp3,anger
4301.mp3,neutral
16456.mp3,neutral
17014.mp3,joy
182.mp3,joy
28437.mp3,neutral
4788.mp3,surprise
6140.mp3,neutral
13382.mp3,neutral
4408.mp3,anger
17386.mp3,joy
15942.mp3,joy
4332.mp3,joy
49312.wav,fear
27933.mp3,neutral
26097.mp3,surprise
16040.mp3,neutral
28328.mp3,neutral
23754.mp3,joy
1605.mp3,neutral
29880.mp3,joy
866.mp3,joy
28875.mp3,anger
13678.mp3,anger
8141.mp3,sadness
23564.mp3,neutral
5466.mp3,surprise
299.mp3,anger
7645.mp3,neutral
29312.mp3,neutral
11741.mp3,neutral
7674.mp3,anger
7754.mp3,surprise
29046.mp3,joy
6009.mp3,neutral
22777.mp3,anger
12507.mp3,neutral
12377.mp3,neutral
22778.mp3,sadness
14722.mp3,surprise
23579.mp3,anger
18403.mp3,sadness
21815.mp3,neutral
17225.mp3,surprise
12390.mp3,neutral
28975.mp3,sadness
24055.mp3,joy
29554.mp3,neutral
45658.wav,disgust
18235.mp3,anger
14371.mp3,neutral
25932.mp3,neutral
5891.mp3,neutral
7245.mp3,neutral
22965.mp3,neutral
45495.wav,fear
12472.mp3,neutral
28120.mp3,surprise
6040.mp3,neutral
7463.mp3,joy
1388.mp3,joy
25745.mp3,surprise
2502.mp3,neutral
27885.mp3,surprise
346.mp3,neutral
8268.mp3,anger
5849.mp3,neutral
22090.mp3,joy
1752.mp3,neutral
13243.mp3,surprise
12063.mp3,neutral
16818.mp3,neutral
22460.mp3,neutral
45707.wav,fear
25852.mp3,anger
6647.mp3,anger
23605.mp3,neutral
1170.mp3,joy
23494.mp3,neutral
4759.mp3,anger
15255.mp3,neutral
4820.mp3,neutral
21946.mp3,neutral
11292.mp3,joy
265.mp3,surprise
27672.mp3,neutral
2985.mp3,neutral
50174.wav,fear
25874.mp3,anger
15163.mp3,sadness
16848.mp3,anger
29756.mp3,neutral
769.mp3,neutral
1570.mp3,neutral
27301.mp3,anger
23195.mp3,neutral
22938.mp3,neutral
24181.mp3,anger
26215.mp3,neutral
17130.mp3,neutral
4264.mp3,joy
5332.mp3,neutral
23779.mp3,surprise
40884.wav,disgust
8348.mp3,neutral
11039.mp3,joy
5211.mp3,joy
17040.mp3,surprise
7588.mp3,neutral
45645.wav,disgust
13108.mp3,neutral
6896.mp3,neutral
185.mp3,neutral
1573.mp3,neutral
11655.mp3,surprise
4593.mp3,neutral
13220.mp3,neutral
1386.mp3,anger
22006.mp3,surprise
11207.mp3,joy
18146.mp3,joy
12458.mp3,neutral
27502.mp3,joy
21975.mp3,neutral
27170.mp3,neutral
23730.mp3,joy
17395.mp3,neutral
6096.mp3,anger
17523.mp3,neutral
26414.mp3,neutral
13199.mp3,joy
21943.mp3,anger
15747.mp3,joy
14759.mp3,neutral
5362.mp3,neutral
8130.mp3,neutral
28428.mp3,neutral
5328.mp3,neutral
26451.mp3,anger
40217.wav,disgust
24676.mp3,joy
51567.wav,disgust
4835.mp3,neutral
13332.mp3,neutral
5154.mp3,neutral
6150.mp3,surprise
968.mp3,joy
43836.wav,disgust
22557.mp3,surprise
883.mp3,surprise
26385.mp3,neutral
41960.wav,disgust
26573.mp3,surprise
1213.mp3,joy
26388.mp3,neutral
25752.mp3,anger
8468.mp3,neutral
28111.mp3,neutral
7472.mp3,joy
22030.mp3,joy
46077.wav,fear
17517.mp3,neutral
10926.mp3,neutral
10508.mp3,neutral
42835.wav,disgust
16525.mp3,neutral
22703.mp3,joy
18213.mp3,neutral
4265.mp3,sadness
40963.wav,disgust
27591.mp3,neutral
2072.mp3,sadness
26223.mp3,disgust
26848.mp3,neutral
25601.mp3,surprise
5949.mp3,neutral
29315.mp3,surprise
29675.mp3,neutral
12790.mp3,anger
7584.mp3,surprise
13167.mp3,neutral
11957.mp3,joy
15173.mp3,neutral
12168.mp3,surprise
114.mp3,anger
5215.mp3,neutral
21612.mp3,joy
5367.mp3,neutral
1150.mp3,joy
15286.mp3,sadness
12314.mp3,surprise
23929.mp3,joy
27086.mp3,joy
10388.mp3,neutral
22707.mp3,joy
376.mp3,sadness
28852.mp3,surprise
15266.mp3,surprise
15033.mp3,joy
24165.mp3,surprise
23204.mp3,anger
16774.mp3,neutral
17401.mp3,neutral
21436.mp3,surprise
15618.mp3,anger
3062.mp3,anger
17899.mp3,fear
25591.mp3,surprise
42542.wav,fear
50348.wav,fear
3057.mp3,anger
25595.mp3,joy
7177.mp3,surprise
14772.mp3,neutral
23628.mp3,neutral
22089.mp3,joy
21635.mp3,surprise
16015.mp3,neutral
3242.mp3,sadness
29277.mp3,anger
12691.mp3,neutral
7513.mp3,sadness
10971.mp3,joy
7837.mp3,neutral
15013.mp3,sadness
15884.mp3,anger
1508.mp3,surprise
22068.mp3,neutral
6698.mp3,neutral
16221.mp3,neutral
23529.mp3,neutral
24512.mp3,disgust
15968.mp3,neutral
24210.mp3,neutral
6973.mp3,sadness
27350.mp3,neutral
7264.mp3,neutral
15930.mp3,joy
23631.mp3,joy
1788.mp3,neutral
25994.mp3,neutral
22125.mp3,neutral
27186.mp3,neutral
28758.mp3,sadness
7362.mp3,neutral
45768.wav,fear
24630.mp3,neutral
18074.mp3,joy
7206.mp3,neutral
4991.mp3,neutral
6842.mp3,joy
26570.mp3,joy
6052.mp3,neutral
28535.mp3,neutral
13545.mp3,sadness
48981.wav,fear
17981.mp3,neutral
1258.mp3,neutral
17876.mp3,joy
26136.mp3,joy
7841.mp3,anger
7911.mp3,surprise
23234.mp3,neutral
25792.mp3,sadness
4637.mp3,neutral
23177.mp3,joy
48389.wav,fear
6702.mp3,anger
44558.wav,fear
25764.mp3,surprise
16447.mp3,anger
18034.mp3,neutral
16965.mp3,anger
2861.mp3,neutral
12050.mp3,neutral
17557.mp3,neutral
21825.mp3,joy
14978.mp3,neutral
15876.mp3,joy
14962.mp3,joy
1707.mp3,anger
24779.mp3,anger
24494.mp3,anger
15265.mp3,neutral
13203.mp3,neutral
11029.mp3,neutral
17408.mp3,joy
25640.mp3,neutral
27302.mp3,neutral
29308.mp3,neutral
11974.mp3,joy
12745.mp3,sadness
16843.mp3,surprise
2739.mp3,sadness
28097.mp3,anger
1006.mp3,neutral
8297.mp3,neutral
12944.mp3,neutral
45809.wav,fear
17132.mp3,neutral
23012.mp3,joy
21657.mp3,neutral
10598.mp3,anger
5064.mp3,surprise
27991.mp3,neutral
12159.mp3,neutral
12584.mp3,neutral
982.mp3,neutral
44869.wav,disgust
3043.mp3,surprise
51710.wav,disgust
5515.mp3,anger
45268.wav,fear
28485.mp3,neutral
21695.mp3,anger
11803.mp3,surprise
13224.mp3,surprise
14963.mp3,neutral
15114.mp3,neutral
11948.mp3,neutral
28461.mp3,anger
6160.mp3,joy
25831.mp3,neutral
13145.mp3,fear
28599.mp3,sadness
12645.mp3,joy
5319.mp3,sadness
10809.mp3,surprise
23432.mp3,surprise
10817.mp3,anger
21579.mp3,neutral
14456.mp3,neutral
18305.mp3,neutral
10774.mp3,surprise
7213.mp3,anger
27858.mp3,neutral
28511.mp3,joy
26594.mp3,neutral
5296.mp3,neutral
1076.mp3,neutral
43568.wav,disgust
15306.mp3,anger
7364.mp3,neutral
22953.mp3,neutral
15640.mp3,neutral
18490.mp3,sadness
27347.mp3,joy
41717.wav,fear
7204.mp3,joy
25886.mp3,surprise
27841.mp3,neutral
15172.mp3,neutral
2956.mp3,surprise
5808.mp3,disgust
8381.mp3,neutral
27911.mp3,anger
44742.wav,fear
26545.mp3,joy
14390.mp3,neutral
45834.wav,fear
6384.mp3,neutral
24258.mp3,sadness
16887.mp3,neutral
2662.mp3,neutral
6523.mp3,surprise
7188.mp3,neutral
28721.mp3,neutral
26374.mp3,neutral
7480.mp3,anger
1327.mp3,anger
28547.mp3,surprise
14496.mp3,joy
12415.mp3,joy
273.mp3,neutral
26412.mp3,joy
21757.mp3,neutral
44362.wav,disgust
13639.mp3,neutral
14349.mp3,anger
17646.mp3,neutral
18444.mp3,surprise
24327.mp3,neutral
25923.mp3,surprise
27388.mp3,neutral
22389.mp3,neutral
50960.wav,disgust
15161.mp3,neutral
10330.mp3,neutral
1278.mp3,joy
28231.mp3,neutral
26349.mp3,neutral
317.mp3,surprise
15481.mp3,neutral
23680.mp3,neutral
10514.mp3,neutral
3105.mp3,fear
7621.mp3,surprise
28550.mp3,neutral
18795.mp3,joy
10973.mp3,anger
6534.mp3,neutral
7269.mp3,neutral
17979.mp3,surprise
22351.mp3,neutral
11452.mp3,neutral
3169.mp3,disgust
14750.mp3,joy
13411.mp3,anger
21566.mp3,joy
387.mp3,neutral
15742.mp3,joy
8357.mp3,neutral
2972.mp3,neutral
47321.wav,disgust
8146.mp3,neutral
27567.mp3,surprise
29483.mp3,neutral
6704.mp3,anger
14313.mp3,neutral
27281.mp3,surprise
51234.wav,disgust
3353.mp3,neutral
11866.mp3,neutral
17958.mp3,joy
14685.mp3,neutral
45414.wav,fear
1010.mp3,neutral
46335.wav,disgust
16786.mp3,neutral
4911.mp3,neutral
11679.mp3,sadness
48256.wav,disgust
4686.mp3,neutral
5892.mp3,neutral
45077.wav,fear
23062.mp3,neutral
16368.mp3,joy
1397.mp3,sadness
15790.mp3,sadness
21621.mp3,anger
10458.mp3,neutral
7288.mp3,joy
41115.wav,fear
16850.mp3,anger
2343.mp3,sadness
14936.mp3,neutral
8440.mp3,joy
40543.wav,disgust
46217.wav,fear
1413.mp3,neutral
5313.mp3,neutral
17084.mp3,joy
7696.mp3,joy
966.mp3,neutral
16894.mp3,neutral
411.mp3,anger
18594.mp3,surprise
12403.mp3,surprise
11886.mp3,neutral
10561.mp3,neutral
18606.mp3,neutral
1490.mp3,neutral
28153.mp3,neutral
40427.wav,disgust
10726.mp3,sadness
15021.mp3,sadness
12549.mp3,sadness
24700.mp3,neutral
22049.mp3,joy
28163.mp3,anger
4224.mp3,surprise
15057.mp3,neutral
1411.mp3,sadness
2807.mp3,anger
15349.mp3,neutral
7731.mp3,neutral
10357.mp3,neutral
5058.mp3,sadness
26618.mp3,neutral
6778.mp3,surprise
11568.mp3,anger
16689.mp3,neutral
10443.mp3,neutral
47998.wav,disgust
13502.mp3,neutral
11087.mp3,surprise
39878.wav,disgust
7306.mp3,neutral
29690.mp3,neutral
11079.mp3,joy
11743.mp3,surprise
11650.mp3,joy
47058.wav,disgust
48029.wav,fear
17695.mp3,neutral
28642.mp3,neutral
13682.mp3,neutral
5277.mp3,joy
12081.mp3,surprise
27179.mp3,neutral
27969.mp3,sadness
14691.mp3,joy
12756.mp3,anger
8181.mp3,neutral
4398.mp3,sadness
4310.mp3,surprise
28716.mp3,neutral
26090.mp3,neutral
15359.mp3,sadness
1064.mp3,neutral
25533.mp3,anger
581.mp3,sadness
745.mp3,neutral
17743.mp3,joy
18499.mp3,neutral
24361.mp3,sadness
45822.wav,fear
24215.mp3,anger
11982.mp3,neutral
7987.mp3,joy
41852.wav,fear
17388.mp3,joy
8241.mp3,joy
47396.wav,disgust
48667.wav,disgust
38806.wav,disgust
123.mp3,neutral
25810.mp3,neutral
15773.mp3,surprise
6564.mp3,neutral
39023.wav,disgust
5840.mp3,neutral
13733.mp3,surprise
47438.wav,disgust
24452.mp3,joy
42282.wav,disgust
5044.mp3,anger
24848.mp3,neutral
42549.wav,fear
3430.mp3,joy
28001.mp3,joy
11628.mp3,anger
5057.mp3,joy
16872.mp3,neutral
4210.mp3,neutral
2546.mp3,joy
28294.mp3,neutral
27161.mp3,neutral
5020.mp3,joy
5067.mp3,sadness
43039.wav,disgust
24851.mp3,neutral
1391.mp3,joy
41353.wav,fear
1683.mp3,anger
15989.mp3,fear
26996.mp3,neutral
26486.mp3,neutral
29324.mp3,joy
26345.mp3,neutral
25858.mp3,joy
5297.mp3,neutral
12887.mp3,surprise
26830.mp3,neutral
22958.mp3,sadness
22227.mp3,neutral
2533.mp3,anger
700.mp3,joy
27148.mp3,neutral
14572.mp3,surprise
22394.mp3,joy
13378.mp3,neutral
24157.mp3,sadness
10304.mp3,surprise
18723.mp3,anger
41548.wav,fear
11301.mp3,joy
26165.mp3,neutral
2617.mp3,joy
17827.mp3,sadness
21662.mp3,surprise
6733.mp3,neutral
6675.mp3,surprise
22687.mp3,anger
15901.mp3,neutral
13230.mp3,joy
10832.mp3,neutral
3190.mp3,neutral
23677.mp3,neutral
7413.mp3,neutral
29670.mp3,joy
882.mp3,neutral
15711.mp3,neutral
12662.mp3,neutral
13238.mp3,joy
42945.wav,disgust
45757.wav,disgust
25702.mp3,joy
8163.mp3,neutral
22798.mp3,neutral
16771.mp3,neutral
132.mp3,fear
45721.wav,fear
13106.mp3,joy
29344.mp3,neutral
10548.mp3,neutral
1489.mp3,joy
24488.mp3,surprise
26897.mp3,neutral
5864.mp3,neutral
28228.mp3,anger
28864.mp3,neutral
47332.wav,disgust
258.mp3,neutral
15122.mp3,neutral
15562.mp3,neutral
21754.mp3,neutral
563.mp3,neutral
5425.mp3,surprise
23940.mp3,surprise
4288.mp3,joy
11947.mp3,neutral
17581.mp3,joy
16378.mp3,joy
22131.mp3,surprise
17991.mp3,sadness
25687.mp3,fear
27627.mp3,joy
17881.mp3,joy
25719.mp3,surprise
5148.mp3,joy
11660.mp3,neutral
21431.mp3,joy
45712.wav,fear
12927.mp3,neutral
6503.mp3,sadness
48454.wav,fear
28330.mp3,neutral
49113.wav,disgust
16714.mp3,anger
1495.mp3,sadness
764.mp3,joy
3334.mp3,disgust
16507.mp3,fear
24428.mp3,neutral
23448.mp3,neutral
23501.mp3,neutral
26301.mp3,sadness
17066.mp3,joy
10321.mp3,neutral
16313.mp3,neutral
12465.mp3,neutral
12771.mp3,neutral
45651.wav,fear
14512.mp3,joy
11714.mp3,joy
13100.mp3,neutral
6190.mp3,neutral
28152.mp3,neutral
14430.mp3,anger
29857.mp3,surprise
17079.mp3,joy
3259.mp3,joy
18407.mp3,neutral
25498.mp3,neutral
12832.mp3,neutral
46851.wav,fear
29482.mp3,neutral
26296.mp3,anger
26009.mp3,neutral
6526.mp3,surprise
10905.mp3,neutral
28463.mp3,anger
13552.mp3,neutral
2008.mp3,surprise
3413.mp3,neutral
4022.mp3,joy
51449.wav,fear
15185.mp3,joy
12084.mp3,neutral
27009.mp3,surprise
15584.mp3,neutral
25939.mp3,neutral
14736.mp3,sadness
7371.mp3,joy
11186.mp3,neutral
25661.mp3,neutral
7782.mp3,sadness
21441.mp3,sadness
26282.mp3,joy
29448.mp3,joy
27866.mp3,neutral
5341.mp3,neutral
17161.mp3,surprise
818.mp3,neutral
24697.mp3,neutral
11863.mp3,neutral
7762.mp3,neutral
8277.mp3,neutral
50769.wav,fear
100.mp3,neutral
23728.mp3,joy
23905.mp3,surprise
15724.mp3,neutral
5090.mp3,anger
8394.mp3,joy
17414.mp3,neutral
3074.mp3,neutral
28726.mp3,neutral
7988.mp3,neutral
7893.mp3,neutral
2813.mp3,joy
14921.mp3,surprise
26914.mp3,neutral
28796.mp3,neutral
16384.mp3,neutral
25489.mp3,neutral
13681.mp3,joy
28705.mp3,neutral
15755.mp3,surprise
17245.mp3,joy
17173.mp3,neutral
24796.mp3,joy
22383.mp3,neutral
50592.wav,disgust
23462.mp3,neutral
51330.wav,disgust
21546.mp3,neutral
7387.mp3,neutral
44899.wav,fear
26056.mp3,neutral
8079.mp3,joy
22932.mp3,joy
26127.mp3,anger
39571.wav,fear
2696.mp3,neutral
26437.mp3,neutral
25412.mp3,neutral
6563.mp3,neutral
21722.mp3,surprise
26258.mp3,surprise
5317.mp3,neutral
17181.mp3,neutral
11673.mp3,neutral
21530.mp3,neutral
4543.mp3,neutral
22945.mp3,joy
26453.mp3,anger
392.mp3,surprise
17267.mp3,neutral
959.mp3,neutral
24559.mp3,surprise
4610.mp3,anger
22261.mp3,neutral
8344.mp3,joy
14534.mp3,surprise
13550.mp3,neutral
11720.mp3,neutral
18020.mp3,neutral
14364.mp3,neutral
2794.mp3,neutral
26225.mp3,neutral
7884.mp3,neutral
7467.mp3,joy
29531.mp3,joy
10935.mp3,joy
7554.mp3,joy
23692.mp3,neutral
10675.mp3,neutral
23526.mp3,neutral
7134.mp3,neutral
15872.mp3,sadness
28224.mp3,joy
27479.mp3,neutral
40340.wav,fear
737.mp3,neutral
23249.mp3,neutral
16880.mp3,neutral
13591.mp3,neutral
22501.mp3,anger
27575.mp3,anger
3440.mp3,joy
662.mp3,neutral
50998.wav,fear
51661.wav,fear
48608.wav,disgust
10665.mp3,disgust
4868.mp3,surprise
638.mp3,joy
44267.wav,fear
6722.mp3,surprise
13276.mp3,joy
21604.mp3,joy
22219.mp3,neutral
28545.mp3,neutral
16717.mp3,neutral
22424.mp3,joy
12717.mp3,joy
5325.mp3,neutral
7294.mp3,sadness
15858.mp3,sadness
5248.mp3,neutral
27498.mp3,neutral
15268.mp3,neutral
5083.mp3,fear
2078.mp3,neutral
44217.wav,fear
7925.mp3,surprise
24636.mp3,sadness
6551.mp3,neutral
51814.wav,disgust
6404.mp3,joy
17296.mp3,surprise
5587.mp3,neutral
10883.mp3,joy
46047.wav,fear
23548.mp3,neutral
16012.mp3,surprise
14933.mp3,neutral
43996.wav,disgust
8483.mp3,neutral
1690.mp3,joy
12958.mp3,neutral
40997.wav,disgust
29240.mp3,joy
27195.mp3,joy
5017.mp3,joy
24564.mp3,neutral
39376.wav,fear
44833.wav,disgust
16028.mp3,neutral
6671.mp3,neutral
11404.mp3,surprise
18528.mp3,neutral
25681.mp3,neutral
25558.mp3,neutral
16930.mp3,neutral
28305.mp3,neutral
28135.mp3,joy
2012.mp3,neutral
23243.mp3,joy
2245.mp3,surprise
44461.wav,disgust
736.mp3,neutral
21740.mp3,neutral
4034.mp3,surprise
78.mp3,sadness
16303.mp3,anger
17928.mp3,surprise
11836.mp3,neutral
809.mp3,neutral
17137.mp3,anger
10994.mp3,neutral
4566.mp3,neutral
14375.mp3,neutral
21487.mp3,neutral
41640.wav,disgust
6286.mp3,neutral
23737.mp3,sadness
8206.mp3,joy
998.mp3,disgust
26319.mp3,sadness
16213.mp3,joy
22298.mp3,neutral
7180.mp3,joy
16955.mp3,joy
49450.wav,disgust
41818.wav,fear
11798.mp3,neutral
1554.mp3,neutral
26953.mp3,anger
44171.wav,disgust
28628.mp3,sadness
12432.mp3,neutral
2718.mp3,anger
47141.wav,disgust
29676.mp3,neutral
15110.mp3,anger
4465.mp3,neutral
23660.mp3,neutral
14714.mp3,surprise
12368.mp3,neutral
25618.mp3,neutral
27862.mp3,neutral
4415.mp3,joy
4529.mp3,surprise
11391.mp3,neutral
1722.mp3,neutral
12028.mp3,neutral
29331.mp3,neutral
28432.mp3,joy
13667.mp3,neutral
4097.mp3,neutral
27543.mp3,joy
18458.mp3,neutral
7477.mp3,anger
43472.wav,disgust
2483.mp3,sadness
25630.mp3,neutral
8091.mp3,neutral
22207.mp3,surprise
21496.mp3,joy
12739.mp3,anger
8311.mp3,surprise
28389.mp3,neutral
18003.mp3,anger
14926.mp3,neutral
1013.mp3,fear
6086.mp3,neutral
22220.mp3,neutral
21671.mp3,joy
1578.mp3,joy
26799.mp3,neutral
15184.mp3,joy
5202.mp3,neutral
51.mp3,joy
5198.mp3,neutral
27445.mp3,neutral
10373.mp3,anger
4462.mp3,neutral
4043.mp3,disgust
27231.mp3,anger
2042.mp3,surprise
4184.mp3,sadness
8284.mp3,neutral
22061.mp3,anger
14352.mp3,surprise
22804.mp3,joy
4019.mp3,neutral
23886.mp3,sadness
25559.mp3,joy
17667.mp3,joy
4243.mp3,neutral
45160.wav,fear
5800.mp3,disgust
10668.mp3,joy
25902.mp3,neutral
27631.mp3,sadness
16338.mp3,neutral
4803.mp3,anger
27434.mp3,neutral
13225.mp3,joy
8395.mp3,joy
13404.mp3,anger
41433.wav,fear
24883.mp3,neutral
6011.mp3,neutral
713.mp3,neutral
24166.mp3,sadness
4073.mp3,joy
142.mp3,surprise
1453.mp3,surprise
8128.mp3,anger
18030.mp3,neutral
23497.mp3,sadness
4263.mp3,surprise
5077.mp3,anger
25777.mp3,neutral
16361.mp3,surprise
6507.mp3,anger
4555.mp3,anger
6559.mp3,neutral
28997.mp3,joy
41022.wav,disgust
16747.mp3,joy
47802.wav,disgust
26590.mp3,neutral
21865.mp3,neutral
28620.mp3,joy
4853.mp3,joy
8026.mp3,neutral
12001.mp3,neutral
24476.mp3,anger
28555.mp3,anger
6497.mp3,sadness
22772.mp3,surprise
22672.mp3,surprise
6413.mp3,sadness
12678.mp3,joy
21632.mp3,neutral
15376.mp3,joy
17910.mp3,joy
6682.mp3,surprise
18569.mp3,anger
10783.mp3,joy
6478.mp3,neutral
4841.mp3,anger
17916.mp3,joy
24631.mp3,neutral
17873.mp3,anger
6823.mp3,neutral
22588.mp3,neutral
41131.wav,fear
4479.mp3,disgust
4321.mp3,joy
16252.mp3,neutral
44787.wav,fear
3253.mp3,neutral
43142.wav,fear
45964.wav,fear
17724.mp3,neutral
27924.mp3,neutral
27312.mp3,neutral
706.mp3,neutral
2689.mp3,neutral
49499.wav,disgust
659.mp3,surprise
5439.mp3,neutral
38572.wav,fear
1366.mp3,neutral
144.mp3,neutral
16362.mp3,surprise
6211.mp3,neutral
24043.mp3,neutral
23806.mp3,neutral
11985.mp3,sadness
43135.wav,disgust
880.mp3,neutral
12307.mp3,joy
22661.mp3,neutral
28000.mp3,sadness
27100.mp3,neutral
12.mp3,surprise
26475.mp3,neutral
27420.mp3,joy
1255.mp3,neutral
2714.mp3,surprise
40493.wav,fear
28334.mp3,neutral
6850.mp3,joy
25538.mp3,surprise
15639.mp3,neutral
5847.mp3,neutral
17214.mp3,surprise
12078.mp3,neutral
7669.mp3,neutral
22698.mp3,neutral
4081.mp3,neutral
1712.mp3,neutral
7747.mp3,joy
4500.mp3,surprise
28559.mp3,neutral
11618.mp3,neutral
11213.mp3,neutral
7009.mp3,joy
24756.mp3,sadness
26260.mp3,neutral
39965.wav,fear
15447.mp3,joy
5940.mp3,joy
49409.wav,disgust
27293.mp3,neutral
27174.mp3,anger
330.mp3,neutral
7144.mp3,neutral
24880.mp3,neutral
10407.mp3,anger
28407.mp3,surprise
11600.mp3,neutral
14315.mp3,sadness
17218.mp3,neutral
16093.mp3,joy
384.mp3,joy
29099.mp3,surprise
18298.mp3,neutral
10618.mp3,neutral
28347.mp3,joy
6056.mp3,neutral
43426.wav,disgust
17095.mp3,anger
24860.mp3,sadness
6155.mp3,joy
1622.mp3,joy
29365.mp3,sadness
26015.mp3,neutral
5476.mp3,anger
11423.mp3,surprise
29343.mp3,neutral
24172.mp3,anger
18553.mp3,neutral
40864.wav,disgust
7697.mp3,neutral
14421.mp3,surprise
40781.wav,disgust
15547.mp3,neutral
12780.mp3,anger
7738.mp3,joy
391.mp3,surprise
6434.mp3,neutral
27859.mp3,joy
7231.mp3,surprise
39833.wav,fear
27930.mp3,neutral
13673.mp3,neutral
24416.mp3,surprise
50601.wav,fear
26755.mp3,neutral
1286.mp3,neutral
24339.mp3,neutral
10695.mp3,anger
22863.mp3,neutral
46572.wav,disgust
15761.mp3,neutral
7609.mp3,neutral
6256.mp3,surprise
13296.mp3,neutral
6684.mp3,surprise
15890.mp3,anger
16643.mp3,neutral
7520.mp3,surprise
27634.mp3,surprise
27682.mp3,surprise
5638.mp3,joy
24070.mp3,neutral
12976.mp3,neutral
320.mp3,neutral
13335.mp3,anger
18479.mp3,neutral
28992.mp3,sadness
22554.mp3,sadness
4780.mp3,joy
28788.mp3,anger
21535.mp3,joy
25774.mp3,neutral
461.mp3,joy
17179.mp3,joy
28333.mp3,joy
14838.mp3,neutral
27246.mp3,neutral
12788.mp3,neutral
41750.wav,disgust
48819.wav,fear
15463.mp3,neutral
7807.mp3,joy
8292.mp3,sadness
28186.mp3,joy
24101.mp3,anger
5709.mp3,surprise
5437.mp3,neutral
10680.mp3,joy
193.mp3,sadness
16209.mp3,neutral
21467.mp3,anger
14815.mp3,neutral
6455.mp3,neutral
13186.mp3,joy
4571.mp3,joy
21997.mp3,joy
16200.mp3,neutral
23257.mp3,neutral
3210.mp3,neutral
26694.mp3,sadness
29527.mp3,anger
11139.mp3,neutral
13032.mp3,joy
26851.mp3,neutral
16617.mp3,neutral
23618.mp3,surprise
46133.wav,disgust
4816.mp3,surprise
17133.mp3,neutral
993.mp3,neutral
14519.mp3,neutral
13185.mp3,neutral
26478.mp3,neutral
21548.mp3,sadness
28394.mp3,neutral
12839.mp3,neutral
15331.mp3,neutral
23166.mp3,surprise
45355.wav,fear
12056.mp3,neutral
28829.mp3,sadness
1244.mp3,neutral
27539.mp3,joy
3452.mp3,sadness
15959.mp3,surprise
29621.mp3,neutral
15293.mp3,sadness
27136.mp3,surprise
10540.mp3,neutral
22604.mp3,surprise
51575.wav,fear
4060.mp3,joy
23732.mp3,neutral
2915.mp3,neutral
18263.mp3,anger
22909.mp3,anger
22802.mp3,neutral
21950.mp3,neutral
48940.wav,fear
39288.wav,disgust
386.mp3,surprise
5653.mp3,surprise
14828.mp3,surprise
6283.mp3,neutral
27453.mp3,joy
16101.mp3,anger
29462.mp3,joy
15495.mp3,surprise
23191.mp3,neutral
12881.mp3,joy
26695.mp3,joy
4980.mp3,anger
7749.mp3,neutral
13753.mp3,sadness
7794.mp3,neutral
2003.mp3,neutral
5520.mp3,joy
22429.mp3,fear
12334.mp3,surprise
1534.mp3,joy
16949.mp3,joy
14914.mp3,neutral
15558.mp3,surprise
14807.mp3,surprise
26771.mp3,fear
24690.mp3,neutral
2636.mp3,surprise
5756.mp3,neutral
6355.mp3,neutral
26821.mp3,neutral
24068.mp3,joy
29135.mp3,neutral
22605.mp3,anger
16783.mp3,neutral
23241.mp3,neutral
16152.mp3,neutral
52053.wav,fear
897.mp3,joy
2950.mp3,anger
22353.mp3,neutral
28251.mp3,sadness
8491.mp3,joy
26523.mp3,surprise
2455.mp3,sadness
4819.mp3,neutral
22883.mp3,neutral
14618.mp3,neutral
18784.mp3,neutral
1717.mp3,neutral
38773.wav,fear
28949.mp3,neutral
15571.mp3,neutral
29243.mp3,joy
26184.mp3,surprise
21620.mp3,surprise
45674.wav,disgust
1065.mp3,neutral
43052.wav,disgust
17919.mp3,neutral
45429.wav,disgust
29724.mp3,neutral
14766.mp3,anger
10707.mp3,neutral
6219.mp3,sadness
7084.mp3,neutral
26005.mp3,neutral
6540.mp3,surprise
22665.mp3,neutral
26333.mp3,neutral
11770.mp3,joy
16114.mp3,anger
25535.mp3,anger
15096.mp3,neutral
7183.mp3,anger
37.mp3,neutral
26120.mp3,sadness
17822.mp3,neutral
5939.mp3,neutral
29537.mp3,surprise
46524.wav,fear
5257.mp3,neutral
29151.mp3,joy
7834.mp3,neutral
48214.wav,disgust
11335.mp3,neutral
51161.wav,fear
7375.mp3,neutral
338.mp3,neutral
12325.mp3,neutral
14451.mp3,anger
593.mp3,neutral
209.mp3,neutral
50735.wav,fear
6709.mp3,anger
22254.mp3,joy
4805.mp3,fear
23780.mp3,neutral
47379.wav,fear
21992.mp3,surprise
6391.mp3,neutral
1751.mp3,anger
13790.mp3,anger
22920.mp3,neutral
12163.mp3,joy
40129.wav,disgust
15947.mp3,joy
14755.mp3,neutral
976.mp3,neutral
23621.mp3,surprise
28211.mp3,neutral
6849.mp3,joy
1315.mp3,surprise
6799.mp3,surprise
18268.mp3,joy
50859.wav,fear
13007.mp3,neutral
24434.mp3,neutral
10827.mp3,neutral
23174.mp3,joy
42088.wav,disgust
16284.mp3,sadness
14492.mp3,neutral
12096.mp3,fear
22749.mp3,neutral
4672.mp3,joy
10644.mp3,neutral
29288.mp3,neutral
12873.mp3,neutral
6990.mp3,neutral
2317.mp3,neutral
2909.mp3,neutral
22601.mp3,disgust
15691.mp3,neutral
10322.mp3,neutral
16538.mp3,neutral
25950.mp3,neutral
17425.mp3,neutral
25459.mp3,neutral
24657.mp3,sadness
24368.mp3,neutral
13561.mp3,neutral
22529.mp3,neutral
12361.mp3,joy
22322.mp3,neutral
7179.mp3,anger
6037.mp3,neutral
29654.mp3,neutral
6618.mp3,neutral
4724.mp3,joy
2286.mp3,neutral
22173.mp3,anger
23896.mp3,anger
12787.mp3,neutral
26034.mp3,neutral
1589.mp3,neutral
28393.mp3,neutral
46580.wav,disgust
11480.mp3,neutral
26479.mp3,anger
38911.wav,disgust
17036.mp3,joy
8164.mp3,neutral
27336.mp3,neutral
28239.mp3,neutral
2222.mp3,surprise
2410.mp3,surprise
7959.mp3,neutral
39298.wav,fear
13293.mp3,joy
21719.mp3,neutral
29498.mp3,joy
6688.mp3,neutral
41901.wav,fear
2066.mp3,neutral
10825.mp3,surprise
21904.mp3,neutral
